nct_id,brief_title,phases,overall_status,failure_outcome,failure_primary_reason,failure_secondary_reasons,why_stopped,sponsor_group,sponsor_ticker,lead_sponsor_raw,sponsor_class_ctgov,is_industry,focus_assets,focus_asset_ids,focus_research_codes,focus_mechanisms,focus_targets,focus_target_genes,focus_max_phase_chembl,focus_pharmacologic_classes,publication_count,focus_includes_non_us_marketed,conditions,enrollment_count,enrollment_type,start_date,primary_completion_date,last_update_post_date,registry_url
NCT00299390,Safety and Efficacy Study of a New Chemotherapy Agent to Treat Small Cell Lung Cancer,PHASE2,TERMINATED,BIOLOGICAL_FAILURE,EFFICACY_FUTILITY,,"Since only 1 of the first 10 subjects responded to the study treatment, it was decided to stop the trial due to lack of efficacy .",Bayer,,Bayer,INDUSTRY,True,sagopilone,CHEMBL:CHEMBL2304041,BAY86-5302; ZK-219477,Tubulin stabiliser,Tubulin,TUBA1A; TUBA1B; TUBA1C; TUBA3C; TUBA3E; TUBA4A; TUBB; TUBB1; TUBB2A; TUBB2B; TUBB3; TUBB4A; TUBB4B; TUBB6; TUBB8,2.0,,0,True,Small Cell Lung Carcinoma,10,ACTUAL,2006-04,2007-04,2015-12-31,https://clinicaltrials.gov/study/NCT00299390
NCT00312286,Efficacy of 851B Gel for Treating High-Risk Cervical Human Papillomavirus Infection in Women.,PHASE2,TERMINATED,BIOLOGICAL_FAILURE,EFFICACY_FUTILITY,,Lack of efficacy,Takeda,TAK,Takeda,INDUSTRY,True,epetirimod,CHEMBL:CHEMBL2103807,,,,,2.0,,0,True,Papillomavirus Infections,538,ACTUAL,2006-04,2008-06,2016-09-23,https://clinicaltrials.gov/study/NCT00312286
NCT00431340,"A Phase II Study of Belinostat in Combination With Bortezomib in Patients With Relapsed, Refractory Multiple Myeloma",PHASE2,TERMINATED,BIOLOGICAL_FAILURE,SAFETY,,Terminated due to dose limiting toxicity,Valerio Therapeutics,,Valerio Therapeutics,INDUSTRY,True,belinostat,CHEMBL:CHEMBL408513,PXD101,Histone deacetylase inhibitor,Histone deacetylase,HDAC1; HDAC10; HDAC11; HDAC2; HDAC3; HDAC4; HDAC5; HDAC6; HDAC7; HDAC8; HDAC9,4.0,,0,False,Multiple Myeloma,4,ACTUAL,2007-03,2007-06,2015-07-08,https://clinicaltrials.gov/study/NCT00431340
NCT00437294,Enzastaurin in Combination of Capecitabine to Treat Breast Cancer,PHASE2,TERMINATED,BIOLOGICAL_FAILURE,EFFICACY_FUTILITY,,Lack of efficacy,Eli Lilly,LLY,Eli Lilly and Company,INDUSTRY,True,enzastaurin,CHEMBL:CHEMBL300138,LY317615,Protein kinase C beta inhibitor,Protein kinase C beta type,PRKCB,3.0,,1,True,Breast Cancer,86,ACTUAL,2007-03,2009-03,2020-08-10,https://clinicaltrials.gov/study/NCT00437294
NCT00574275,Aflibercept Compared to Placebo in Term of Efficacy in Patients Treated With Gemcitabine for Metastatic Pancreatic Cancer,PHASE3,TERMINATED,BIOLOGICAL_FAILURE,EFFICACY_FUTILITY,,Data Monitoring Committee concluded after a planned interim analysis that aflibercept added to gemcitabine would be unable to demonstrate improved survival,Sanofi,SNY,Sanofi,INDUSTRY,True,aflibercept,CHEMBL:CHEMBL1742982,AVE0005,Placenta growth factor inhibitor; Vascular endothelial growth factor A inhibitor,"Placenta growth factor; Vascular endothelial growth factor A, long form",PGF; VEGFA,4.0,Vascular Endothelial Growth Factor Inhibitor,4,False,Pancreatic Neoplasm,546,ACTUAL,2007-12,2009-10,2016-06-07,https://clinicaltrials.gov/study/NCT00574275
NCT00687596,Study of TAC-101 as Second Line Treatment in Patients With Advanced Hepatocellular Carcinoma Who Received Sorafenib as First Line Therapy,PHASE2,TERMINATED,BIOLOGICAL_FAILURE,SAFETY,,Terminated due to safety concerns,Otsuka Holdings,,"Taiho Oncology, Inc.",INDUSTRY,True,amsilarotene,CHEMBL:CHEMBL32994,TAC-101,,,,2.0,,0,True,Hepatocellular Carcinoma,52,ACTUAL,2008-08-01,2010-05-10,2024-09-19,https://clinicaltrials.gov/study/NCT00687596
NCT00848601,"Safety of SGI-1776, A PIM Kinase Inhibitor in Refractory Prostate Cancer and Relapsed/Refractory Non Hodgkin's Lymphoma",PHASE1,TERMINATED,BIOLOGICAL_FAILURE,SAFETY,,The dose limiting toxicity of cardiac QTc prolongation was identifiedin the phase 1 study in patients with refractory prostate and lymphoma,"Astex Pharmaceuticals, Inc.",,"Astex Pharmaceuticals, Inc.",INDUSTRY,True,sgi-1776,CHEMBL:CHEMBL1952329,SGI-1776,Serine/threonine-protein kinase PIM inhibitor,Serine/threonine-protein kinase PIM,PIM1; PIM2; PIM3,1.0,,0,True,Prostate Cancer; Non-Hodgkins Lymphoma,14,ACTUAL,2009-02,2010-10,2024-08-02,https://clinicaltrials.gov/study/NCT00848601
NCT00883116,"A Study of Ixabepilone as Second-line Therapy for Locally Advanced, Recurrent, or Metastatic Endometrial Cancer",PHASE3,TERMINATED,BIOLOGICAL_FAILURE,EFFICACY_FUTILITY,,Interim analysis results showed that ixabepilone did not improve survival compared with control chemotherapies.,R-Pharm,,R-Pharm,INDUSTRY,True,ixabepilone,CHEMBL:CHEMBL1201752,BMS-247550,Tubulin inhibitor,Tubulin,TUBA1A; TUBA1B; TUBA1C; TUBA3C; TUBA3E; TUBA4A; TUBB; TUBB1; TUBB2A; TUBB2B; TUBB3; TUBB4A; TUBB4B; TUBB6; TUBB8,4.0,Microtubule Inhibitor,1,False,Endometrial Cancer,551,ACTUAL,2009-08,2012-06,2017-03-09,https://clinicaltrials.gov/study/NCT00883116
NCT00887926,Study of IMC-EB10 in Participant With Leukemia,PHASE1,TERMINATED,BIOLOGICAL_FAILURE,EFFICACY_FUTILITY,,Lack of efficacy,Eli Lilly,LLY,Eli Lilly and Company,INDUSTRY,True,imc-eb10,CHEMBL:CHEMBL2109328,EB10; LY3012218,Tyrosine-protein kinase receptor FLT3 inhibitor,Receptor-type tyrosine-protein kinase FLT3,FLT3,1.0,,0,True,Myeloid Leukemia,25,ACTUAL,2009-06,2010-08,2022-12-22,https://clinicaltrials.gov/study/NCT00887926
NCT01006252,A Study of Tasisulam-sodium Versus Paclitaxel as Treatment for Metastatic Melanoma,PHASE3,TERMINATED,BIOLOGICAL_FAILURE,SAFETY,,More possibly treatment-related deaths on tasisulam-sodium arm.,Eli Lilly,LLY,Eli Lilly and Company,INDUSTRY,True,tasisulam,CHEMBL:CHEMBL2110587,LY573636,,,,3.0,,0,True,Melanoma,336,ACTUAL,2009-12,2011-03,2018-07-17,https://clinicaltrials.gov/study/NCT01006252
NCT01133990,FOLFIRI Alone Versus FOLFIRI Plus Bevacizumab Versus FOLFIRI Plus E7820 as Second-Line Therapy in Patients With Locally Advanced or Metastatic Colorectal Cancer,PHASE1; PHASE2,TERMINATED,BIOLOGICAL_FAILURE,SAFETY,,"The study was terminated early as the combination of E7820 and FOLFIRI was deemed to be not tolerable, hence no efficacy analysis was conducted.",Eisai,,Eisai Inc.,INDUSTRY,True,e-7820,CHEMBL:CHEMBL4297376,E7820,,,,2.0,,0,True,Colorectal Cancer,5,ACTUAL,2010-03-04,2011-02-18,2023-11-07,https://clinicaltrials.gov/study/NCT01133990
NCT01209832,A Tasisulam and Midazolam Drug Interaction Study in Cancer Patients,PHASE1,TERMINATED,BIOLOGICAL_FAILURE,SAFETY,,Terminated based on safety results from another trial,Eli Lilly,LLY,Eli Lilly and Company,INDUSTRY,True,tasisulam,CHEMBL:CHEMBL2110587,LY573636,,,,3.0,,0,True,Advanced Cancer,11,ACTUAL,2010-09,2011-01,2019-03-18,https://clinicaltrials.gov/study/NCT01209832
NCT01232556,A Study Of Inotuzumab Ozogamicin Plus Rituximab For Relapsed/Refractory Aggressive Non-Hodgkin Lymphoma Patients Who Are Not Candidates For Intensive High-Dose Chemotherapy,PHASE3,TERMINATED,BIOLOGICAL_FAILURE,EFFICACY_FUTILITY,,"The study was terminated prematurely on May 16, 2013, for futility. No new or unexpected safety issues were identified.",Pfizer,PFE,Pfizer,INDUSTRY,True,inotuzumab ozogamicin; rituximab,CHEMBL:CHEMBL1201576; CHEMBL:CHEMBL2108611,CMC-544,B-lymphocyte antigen CD20 binding agent; CD22 binding agent; DNA disrupting agent,B-cell receptor CD22; B-lymphocyte antigen CD20; DNA,CD22; MS4A1,4.0,CD20-directed Cytolytic Antibody; CD22-directed Immunoconjugate,0,False,"Lymphoma, Non-Hodgkin",338,ACTUAL,2011-04-04,2014-03-28,2019-01-08,https://clinicaltrials.gov/study/NCT01232556
NCT01239108,"Study of SGI-1776, a PIM Kinase Inhibitor, in Subjects With Relapsed/Refractory Leukemias",PHASE1,WITHDRAWN,BIOLOGICAL_FAILURE,SAFETY,,The dose limiting toxicity of cardiac QTc prolongation was identified and demonstrated unsafe to continue clinical development of this molecule.,"Astex Pharmaceuticals, Inc.",,"Astex Pharmaceuticals, Inc.",INDUSTRY,True,sgi-1776,CHEMBL:CHEMBL1952329,SGI-1776,Serine/threonine-protein kinase PIM inhibitor,Serine/threonine-protein kinase PIM,PIM1; PIM2; PIM3,1.0,,0,True,Relapsed/Refractory Leukemias,0,ACTUAL,2010-10,2012-04,2024-08-02,https://clinicaltrials.gov/study/NCT01239108
NCT01248858,"Study to Investigate the Safety, Pharmacokinetics, Pharmacodynamics, and Clinical Activity of GSK2126458 and GSK1120212 Combination Therapy in Subjects With Advanced Solid Tumors.",PHASE1,TERMINATED,MIXED_CAUSES,MULTIPLE,SAFETY; EFFICACY_FUTILITY,The reason for termination was lack of tolerability and efficacy of the combination treatment,GSK,GSK,GlaxoSmithKline,INDUSTRY,True,omipalisib,CHEMBL:CHEMBL1236962,GSK2126458,PI3-kinase class I inhibitor; Serine/threonine-protein kinase mTOR inhibitor,PI3-kinase class I; Serine/threonine-protein kinase mTOR,MTOR; PIK3CA; PIK3CB; PIK3CD; PIK3CG; PIK3R1; PIK3R2; PIK3R3; PIK3R5,2.0,,0,True,Cancer,69,ACTUAL,2010-12-03,2014-01-30,2017-05-09,https://clinicaltrials.gov/study/NCT01248858
NCT01251354,Study of BN83495 in Post-menopausal Women With Endometrial Cancer Post-chemotherapy,PHASE2,TERMINATED,BIOLOGICAL_FAILURE,EFFICACY_FUTILITY,,The futility analysis of study NCT00910091 in patients with endometrial cancer shows that the primary endpoint will not be reached.,Ipsen,,Ipsen,INDUSTRY,True,irosustat,CHEMBL:CHEMBL286738,BN83495,Steryl-sulfatase inhibitor,Steryl-sulfatase,STS,2.0,,0,True,Endometrial Cancer,6,ACTUAL,2010-11,2011-06,2019-01-14,https://clinicaltrials.gov/study/NCT01251354
NCT01268059,"A Study of Carboplatin and Paclitaxel With or Without MEDI-575 in Untreated, Advanced Non-Small Cell Lung Cancer",PHASE1; PHASE2,TERMINATED,BIOLOGICAL_FAILURE,SAFETY,,"In conjunction with the overall risk-benefit assessment, study was terminated prematurely due to safety concerns.",AstraZeneca,AZN,MedImmune LLC,INDUSTRY,True,tovetumab,CHEMBL:CHEMBL2364651,MEDI-575,Platelet-derived growth factor receptor alpha inhibitor,Platelet-derived growth factor receptor alpha,PDGFRA,2.0,,0,True,Non-small Cell Lung Cancer,99,ACTUAL,2010-12-16,2013-09-11,2020-12-23,https://clinicaltrials.gov/study/NCT01268059
NCT01279291,Study of Anti-HB-EGF Antibody KHK2866 in Subjects With Advanced Solid Tumors and Ovarian Cancer,PHASE1,TERMINATED,BIOLOGICAL_FAILURE,SAFETY,,The study was stopped due to the inability to determine an acceptable dose with the potential for further study,"Kyowa Kirin Co., Ltd.",,"Kyowa Kirin Co., Ltd.",INDUSTRY,True,khk-2866,CHEMBL:CHEMBL2109437,KHK2866,Proheparin-binding EGF-like growth factor inhibitor,Proheparin-binding EGF-like growth factor,HBEGF,1.0,,1,True,Neoplasms; Ovarian Neoplasms; Fallopian Tube Neoplasms; Primary Peritoneal Neoplasm,22,ACTUAL,2011-01,2012-11,2024-04-26,https://clinicaltrials.gov/study/NCT01279291
NCT01296555,A Dose Escalation Study Evaluating the Safety and Tolerability of GDC-0032 in Participants With Locally Advanced or Metastatic Solid Tumors or Non-Hodgkin's Lymphoma (NHL) and in Combination With Endocrine Therapy in Locally Advanced or Metastatic Hormone Receptor-Positive Breast Cancer,PHASE1,TERMINATED,MIXED_CAUSES,MULTIPLE,EFFICACY_FUTILITY; SAFETY,The Sponsor discontinued the manufacturing and development of taselisib due to modest clinical benefit and limited tolerability.,Roche,,"Genentech, Inc.",INDUSTRY,True,taselisib,CHEMBL:CHEMBL2387080,GDC-0032,PI3-kinase class I inhibitor,PI3-kinase class I,PIK3CA; PIK3CB; PIK3CD; PIK3CG; PIK3R1; PIK3R2; PIK3R3; PIK3R5,3.0,,1,True,Solid Cancers; Non-Hodgkin's Lymphoma,674,ACTUAL,2011-03-16,2021-06-25,2024-07-31,https://clinicaltrials.gov/study/NCT01296555
NCT01318642,Ganitumab in Locally Advanced Unresectable Adenocarcinoma of the Pancreas,PHASE2,TERMINATED,BIOLOGICAL_FAILURE,EFFICACY_FUTILITY,,NCT01318642: Planned independent DMC Interim review: ended for futility,"NantBioScience, Inc.",,"NantBioScience, Inc.",INDUSTRY,True,ganitumab,CHEMBL:CHEMBL1743024,AMG-479,Insulin-like growth factor I receptor antagonist,Insulin-like growth factor 1 receptor,IGF1R,3.0,,0,True,Adenocarcinoma of the Pancreas; Locally Advanced; Unresectable,10,ACTUAL,2012-05-31,2012-11-27,2024-11-08,https://clinicaltrials.gov/study/NCT01318642
NCT01378377,Combination Trial of Pimasertib (MSC1936369B) With Temsirolimus,PHASE1,TERMINATED,BIOLOGICAL_FAILURE,SAFETY,,The trial was stopped due to the toxicities observed with the combination of pimasertib and temsirolimus.,Merck KGaA,,EMD Serono,INDUSTRY,True,pimasertib,CHEMBL:CHEMBL2107832,MSC1936369B,Dual specificity mitogen-activated protein kinase kinase 1 inhibitor; Dual specificity mitogen-activated protein kinase kinase 2 inhibitor,Dual specificity mitogen-activated protein kinase kinase 1; Dual specificity mitogen-activated protein kinase kinase 2,MAP2K1; MAP2K2,2.0,,2,True,Advanced Solid Tumor,33,ACTUAL,2011-05-27,2012-02-23,2018-07-30,https://clinicaltrials.gov/study/NCT01378377
NCT01394003,A Study of LY2584702 in Participants With Advanced Cancer,PHASE1,TERMINATED,BIOLOGICAL_FAILURE,BIOLOGICAL_UNSPECIFIED,,The pharmacokinetic properties of the molecule do not allow for further dose escalation or development.,Eli Lilly,LLY,Eli Lilly and Company,INDUSTRY,True,ly-2584702,CHEMBL:CHEMBL3545076,LY2584702,Ribosomal protein S6 kinase 1 inhibitor,Ribosomal protein S6 kinase beta-1,RPS6KB1,1.0,,1,True,Advanced Cancer,34,ACTUAL,2008-11,2011-04,2019-01-18,https://clinicaltrials.gov/study/NCT01394003
NCT01400451,Ph I Ipilimumab Vemurafenib Combo in Patients With v-Raf Murine Sarcoma Viral Oncogene Homolog B1 (BRAF),PHASE1,TERMINATED,BIOLOGICAL_FAILURE,SAFETY,,More than 2 of 6 patients treated experienced dose limiting toxicities.,Bristol Myers Squibb,BMY,Bristol-Myers Squibb,INDUSTRY,True,ipilimumab; vemurafenib,CHEMBL:CHEMBL1229517; CHEMBL:CHEMBL1789844,BMS-734016,Cytotoxic T-lymphocyte protein 4 inhibitor; Serine/threonine-protein kinase B-raf inhibitor,Cytotoxic T-lymphocyte protein 4; Serine/threonine-protein kinase B-raf,BRAF; CTLA4,4.0,CTLA-4-directed Blocking Antibody; Kinase Inhibitor,3,False,Melanoma,18,ACTUAL,2011-11,2013-04,2015-01-01,https://clinicaltrials.gov/study/NCT01400451
NCT01403064,Safety and Efficacy of ALD518 for Reducing Oral Mucositis in Head and Neck Cancer Subjects,PHASE2,TERMINATED,BIOLOGICAL_FAILURE,EFFICACY_FUTILITY,,due to lack of efficacy,CSL Behring,,CSL Behring,INDUSTRY,True,clazakizumab,CHEMBL:CHEMBL2108589,ALD518,Interleukin-6 inhibitor,Interleukin-6,IL6,3.0,,0,True,Oral Mucositis,76,ACTUAL,2011-07,2013-04,2021-05-11,https://clinicaltrials.gov/study/NCT01403064
NCT01416181,A Clinical Study of the Efficacy of Natalizumab on Reducing Disability Progression in Participants With Secondary Progressive Multiple Sclerosis,PHASE3,TERMINATED,BIOLOGICAL_FAILURE,EFFICACY_FUTILITY,,The ASCEND Study did not achieve statistical significance on the primary or secondary endpoints.,Biogen,BIIB,Biogen,INDUSTRY,True,natalizumab,CHEMBL:CHEMBL1201607,BG00002,Integrin alpha-4/beta-1 inhibitor; Integrin alpha-4/beta-7 inhibitor,Integrin alpha-4/beta-1; Integrin alpha-4/beta-7,ITGA4; ITGB1; ITGB7,4.0,Integrin Receptor Antagonist,5,False,Secondary Progressive Multiple Sclerosis,889,ACTUAL,2011-09-13,2015-07-28,2017-09-11,https://clinicaltrials.gov/study/NCT01416181
NCT01416428,Open-label Study of the Safety and Activity of Oprozomib in Patients With Hematologic Malignancies,PHASE1; PHASE2,TERMINATED,BIOLOGICAL_FAILURE,SAFETY,,A program evaluation identified that the safety profile and pharmacokinetic (PK) characteristics of the formulation used in all oprozomib studies required further optimization and thus enrollment in 2011-001 was halted.,Amgen,AMGN,Amgen,INDUSTRY,True,oprozomib,CHEMBL:CHEMBL2103884,,26S proteasome inhibitor,26S proteasome,ADRM1; PSMA1; PSMA2; PSMA3; PSMA4; PSMA5; PSMA6; PSMA7; PSMA8; PSMB1; PSMB10; PSMB11; PSMB2; PSMB3; PSMB4; PSMB5; PSMB6; PSMB7; PSMB8; PSMB9; PSMC1; PSMC2; PSMC3; PSMC4; PSMC5; PSMC6; PSMD1; PSMD11; PSMD12; PSMD13; PSMD14; PSMD2; PSMD3; PSMD4; PSMD6; PSMD7; PSMD8; SEM1,2.0,,0,True,Multiple Myeloma; Waldenstrom Macroglobulinemia,210,ACTUAL,2011-10-15,2016-08-08,2022-11-08,https://clinicaltrials.gov/study/NCT01416428
NCT01440179,SAR3419 in Acute Lymphoblastic Leukemia,PHASE2,TERMINATED,BIOLOGICAL_FAILURE,EFFICACY_FUTILITY,,The study is stopped due to very modest activity compared to competitors,Sanofi,SNY,Sanofi,INDUSTRY,True,coltuximab ravtansine,CHEMBL:CHEMBL2109286,SAR3419,B-lymphocyte antigen CD19 binding agent; Tubulin inhibitor,B-lymphocyte antigen CD19; Tubulin,CD19; TUBA1A; TUBA1B; TUBA1C; TUBA3C; TUBA3E; TUBA4A; TUBB; TUBB1; TUBB2A; TUBB2B; TUBB3; TUBB4A; TUBB4B; TUBB6; TUBB8,2.0,,1,True,Acute Lymphocytic Leukaemia,100,ACTUAL,2011-10,2014-05,2022-09-21,https://clinicaltrials.gov/study/NCT01440179
NCT01482949,A Rollover Protocol for Subjects Previously Treated With AGS-003,PHASE2,TERMINATED,BIOLOGICAL_FAILURE,EFFICACY_FUTILITY,,Lack of efficacy,Argos Therapeutics,,Argos Therapeutics,INDUSTRY,True,rocapuldencel-t,CHEMBL:CHEMBL3545128,AGS-003,,,,3.0,,0,True,Renal Cell Carcinoma,2,ACTUAL,2011-09,2018-05,2018-06-27,https://clinicaltrials.gov/study/NCT01482949
NCT01495247,"Phase Ib/II Trial of BEZ235 With Paclitaxel in Patients With HER2 Negative, Locally Advanced or Metastatic Breast Cancer",PHASE1; PHASE2,TERMINATED,BIOLOGICAL_FAILURE,BIOLOGICAL_UNSPECIFIED,,Study did not meet Phase Ib primary objective to establish the maximum tolerated dose/recommended dose for Phase II,Novartis,NVS,Novartis Pharmaceuticals,INDUSTRY,True,dactolisib,CHEMBL:CHEMBL1879463,BEZ235,PI3-kinase class I inhibitor; Serine/threonine-protein kinase mTOR inhibitor,PI3-kinase class I; Serine/threonine-protein kinase mTOR,MTOR; PIK3CA; PIK3CB; PIK3CD; PIK3CG; PIK3R1; PIK3R2; PIK3R3; PIK3R5,3.0,,0,True,Inoperable Locally Advanced Breast Cancer; Metastatic Breast Cancer (MBC),18,ACTUAL,2012-01-30,2014-05-19,2020-12-08,https://clinicaltrials.gov/study/NCT01495247
NCT01585688,Phase I/II Study of hLL1-DOX in Relapsed NHL and CLL,PHASE1; PHASE2,TERMINATED,BIOLOGICAL_FAILURE,EFFICACY_FUTILITY,,"Study was terminated due to lack of efficacy, as a result, the stability program for the drug product was discontinued",Gilead Sciences,GILD,Gilead Sciences,INDUSTRY,True,milatuzumab,CHEMBL:CHEMBL1743040,IMMU-115,HLA-DR antigens-associated invariant chain antagonist,HLA class II histocompatibility antigen gamma chain,CD74,2.0,,0,True,Non-Hodgkin's Lymphoma; Chronic Lymphocytic Leukemia,13,ACTUAL,2012-08,2016-11,2021-10-08,https://clinicaltrials.gov/study/NCT01585688
NCT01621243,M402 in Combination With Nab-Paclitaxel and Gemcitabine in Pancreatic Cancer,PHASE1; PHASE2,TERMINATED,BIOLOGICAL_FAILURE,EFFICACY_FUTILITY,,The study was terminated after a pre-planned futility analyses showed an insufficient level of efficacy in the study population to warrant continuation.,"Momenta Pharmaceuticals, Inc.",,"Momenta Pharmaceuticals, Inc.",INDUSTRY,True,necuparanib,CHEMBL:CHEMBL3301570,,,,,2.0,,2,True,Metastatic Pancreatic Cancer,128,ACTUAL,2012-05,2016-10-24,2018-08-29,https://clinicaltrials.gov/study/NCT01621243
NCT01628913,Efficacy and Safety of BEZ235 Compared to Everolimus in Patients With Advanced Pancreatic Neuroendocrine Tumors,PHASE2,TERMINATED,BIOLOGICAL_FAILURE,EFFICACY_FUTILITY,,This trial was terminated based on an interim analysis as BEZ235 did not demonstrate a progression free survival advantage to everolimus treatment.,Novartis,NVS,Novartis Pharmaceuticals,INDUSTRY,True,dactolisib,CHEMBL:CHEMBL1879463,BEZ235,PI3-kinase class I inhibitor; Serine/threonine-protein kinase mTOR inhibitor,PI3-kinase class I; Serine/threonine-protein kinase mTOR,MTOR; PIK3CA; PIK3CB; PIK3CD; PIK3CG; PIK3R1; PIK3R2; PIK3R3; PIK3R5,3.0,,1,True,Pancreatic Neuroendocrine Tumors (pNET),62,ACTUAL,2012-10,2014-09,2016-04-07,https://clinicaltrials.gov/study/NCT01628913
NCT01633060,"A Phase III Study of BKM120 With Fulvestrant in Patients With HR+,HER2-, AI Treated, Locally Advanced or Metastatic Breast Cancer Who Progressed on or After mTORi",PHASE3,TERMINATED,BIOLOGICAL_FAILURE,EFFICACY_FUTILITY,,"Novartis decided not to pursue further development of buparlisib program (assessment of moderate PFS benefit with know, but manageable, buparlisib profile).",Novartis,NVS,Novartis Pharmaceuticals,INDUSTRY,True,buparlisib,CHEMBL:CHEMBL2017974,BKM120,PI3-kinase class I inhibitor,PI3-kinase class I,PIK3CA; PIK3CB; PIK3CD; PIK3CG; PIK3R1; PIK3R2; PIK3R3; PIK3R5,3.0,,1,True,Metastatic Breast Cancer,432,ACTUAL,2012-10-03,2016-05-23,2019-01-30,https://clinicaltrials.gov/study/NCT01633060
NCT01646125,"An Open-label, Randomized Phase II Study to Evaluate the Efficacy of AUY922 vs Pemetrexed or Docetaxel in NSCLC Patients With EGFR Mutations",PHASE2,TERMINATED,BIOLOGICAL_FAILURE,EFFICACY_FUTILITY,,"An interim analysis was conducted in May-2014. Upon review of the data, the committee recommended study termination due to futility.",Novartis,NVS,Novartis Pharmaceuticals,INDUSTRY,True,luminespib,CHEMBL:CHEMBL252164,AUY922,Heat shock protein HSP90 inhibitor,Heat shock protein HSP90,HSP90AA1; HSP90AB1,2.0,,0,True,Advanced Non Small Cell Lung Cancer (NSCLC),59,ACTUAL,2012-11-23,2015-11-04,2019-07-24,https://clinicaltrials.gov/study/NCT01646125
NCT01663766,Phase I Study of Milatuzumab for Graft Versus Host Disease,PHASE1,TERMINATED,BIOLOGICAL_FAILURE,EFFICACY_FUTILITY,,"PIs agreed no safety signals were shown, drug did not appear to lessen the risk of preventing GVHD no further patients would be enrolled",Gilead Sciences,GILD,Gilead Sciences,INDUSTRY,True,milatuzumab,CHEMBL:CHEMBL1743040,IMMU-115,HLA-DR antigens-associated invariant chain antagonist,HLA class II histocompatibility antigen gamma chain,CD74,2.0,,0,True,GVHD (Acute or Chronic); Acute Myeloid or Lymphoblastic Leukemia (AML or ALL); Myelodysplastic Syndrome; Chronic Myelogenous Leukemia (CML); Multiple Myeloma (MM); Non-Hodgekin Lymphoma (NHL-both Follicular & Diffuse Large Cell); Chronic Lymphocytic Leukemia or Small Lymphocytic Leukemia (CLL or SLL),12,ACTUAL,2013-12,2015-03,2021-08-19,https://clinicaltrials.gov/study/NCT01663766
NCT01697072,"First-Line Treatment for Locally Advanced or Metastatic Mesenchymal Epithelial Transition Factor (MET) - Positive Gastric, Lower Esophageal, or Gastroesophageal Junction (GEJ) Adenocarcinoma",PHASE3,TERMINATED,BIOLOGICAL_FAILURE,SAFETY,,All Amgen sponsored AMG102 clinical studies were terminated following a pre-planned Data Monitoring Committee safety review of study 20070622.,Amgen,AMGN,Amgen,INDUSTRY,True,rilotumumab,CHEMBL:CHEMBL1743063,AMG102,Hepatocyte growth factor inhibitor,Hepatocyte growth factor,HGF,3.0,,2,True,Gastric Cancer,609,ACTUAL,2012-10,2014-11,2016-02-09,https://clinicaltrials.gov/study/NCT01697072
NCT01773785,Phase II Study of SPI-1620 in Combination With Docetaxel as a Second-Line to Treat Biliary Cancer,PHASE2,TERMINATED,BIOLOGICAL_FAILURE,EFFICACY_FUTILITY,,The study completed the first phase and did not meet efficacy end point to enter into the randomized phase.,"Spectrum Pharmaceuticals, Inc",,"Spectrum Pharmaceuticals, Inc",INDUSTRY,True,sovatelitide,CHEMBL:CHEMBL3188091,SPI-1620,,,,3.0,,0,True,Biliary Cancer,30,ACTUAL,2013-04,2015-09,2021-10-13,https://clinicaltrials.gov/study/NCT01773785
NCT01806064,Randomized Phase 2 Trial of Axitinib and TRC105 Versus Axitinib Alone in Patients Renal Cell Carcinoma,PHASE1; PHASE2,TERMINATED,BIOLOGICAL_FAILURE,EFFICACY_FUTILITY,,The study did not meet endpoint.,Tracon Pharmaceuticals Inc.,,Tracon Pharmaceuticals Inc.,INDUSTRY,True,carotuximab,CHEMBL:CHEMBL2109321,TRC105,Endoglin inhibitor,Endoglin,ENG,3.0,,1,True,Renal Cell Carcinoma,173,ACTUAL,2013-03-08,2018-12-21,2020-10-19,https://clinicaltrials.gov/study/NCT01806064
NCT01808950,Efficacy and Safety Trial of Topical Resiquimod Gel (0.06%) in Patients With Nodular Basal Cell Carcinoma,PHASE1; PHASE2,TERMINATED,BIOLOGICAL_FAILURE,SAFETY,,safety issues,Spirig Pharma Ltd.,,Spirig Pharma Ltd.,INDUSTRY,True,resiquimod,CHEMBL:CHEMBL383322,,Toll-like receptor 7 agonist; Toll-like receptor 8 agonist,Toll-like receptor 7; Toll-like receptor 8,TLR7; TLR8,2.0,,0,True,Nodular Basal Cell Carcinoma,4,ACTUAL,2013-02,2013-08,2016-06-22,https://clinicaltrials.gov/study/NCT01808950
NCT01826448,"A Phase 1b Open Label, Dose Escalation Study of PLX3397 in Combination With Vemurafenib in V600-mutated BRAF Melanoma",PHASE1,TERMINATED,BIOLOGICAL_FAILURE,EFFICACY_FUTILITY,,No activity was observed. BRAFi-naïve participants should have received triple combination treatment (including MEK inhibitor). Continuation was not justified.,Daiichi Sankyo,,Daiichi Sankyo,INDUSTRY,True,pexidartinib; vemurafenib,CHEMBL:CHEMBL1229517; CHEMBL:CHEMBL3813873,PLX3397,Macrophage colony stimulating factor receptor inhibitor; Serine/threonine-protein kinase B-raf inhibitor; Stem cell growth factor receptor inhibitor; Tyrosine-protein kinase receptor FLT3 inhibitor,Macrophage colony-stimulating factor 1 receptor; Mast/stem cell growth factor receptor Kit; Receptor-type tyrosine-protein kinase FLT3; Serine/threonine-protein kinase B-raf,BRAF; CSF1R; FLT3; KIT,4.0,Kinase Inhibitor,0,False,V600-mutated BRAF Unresectable Melanoma; V600-mutated BRAF Metastatic Melanoma; Stage III or Stage IV Metastatic Melanoma That Has Not Been Previously Treated With a Selective BRAF Inhibitor,13,ACTUAL,2013-11-05,2014-09-22,2020-05-28,https://clinicaltrials.gov/study/NCT01826448
NCT01881789,"Oprozomib and Dexamethasone,in Combination With Lenalidomide or Oral Cyclophosphamide to Treat Newly Diagnosed Multiple Myeloma",PHASE1; PHASE2,TERMINATED,BIOLOGICAL_FAILURE,SAFETY,,A program evaluation identified that the safety profile and pharmacokinetic (PK) characteristics of the formulation used in all oprozomib studies required further optimization and thus enrollment in OPZ003 was halted during dose-escalation.,Amgen,AMGN,Amgen,INDUSTRY,True,oprozomib,CHEMBL:CHEMBL2103884,,26S proteasome inhibitor,26S proteasome,ADRM1; PSMA1; PSMA2; PSMA3; PSMA4; PSMA5; PSMA6; PSMA7; PSMA8; PSMB1; PSMB10; PSMB11; PSMB2; PSMB3; PSMB4; PSMB5; PSMB6; PSMB7; PSMB8; PSMB9; PSMC1; PSMC2; PSMC3; PSMC4; PSMC5; PSMC6; PSMD1; PSMD11; PSMD12; PSMD13; PSMD14; PSMD2; PSMD3; PSMD4; PSMD6; PSMD7; PSMD8; SEM1,2.0,,0,True,Multiple Myeloma,22,ACTUAL,2013-10-28,2019-09-23,2022-11-14,https://clinicaltrials.gov/study/NCT01881789
NCT01999335,"A Study of Oprozomib, Pomalidomide, and Dexamethasone in Adults With Primary Refractory or Relapsed and Refractory Multiple Myeloma",PHASE1,TERMINATED,BIOLOGICAL_FAILURE,SAFETY,,A program evaluation identified that the safety profile and pharmacokinetic (PK) characteristics of the formulation used in all oprozomib studies required further optimization and thus enrollment in OPZ007 was halted during dose-expansion.,Amgen,AMGN,Amgen,INDUSTRY,True,oprozomib,CHEMBL:CHEMBL2103884,,26S proteasome inhibitor,26S proteasome,ADRM1; PSMA1; PSMA2; PSMA3; PSMA4; PSMA5; PSMA6; PSMA7; PSMA8; PSMB1; PSMB10; PSMB11; PSMB2; PSMB3; PSMB4; PSMB5; PSMB6; PSMB7; PSMB8; PSMB9; PSMC1; PSMC2; PSMC3; PSMC4; PSMC5; PSMC6; PSMD1; PSMD11; PSMD12; PSMD13; PSMD14; PSMD2; PSMD3; PSMD4; PSMD6; PSMD7; PSMD8; SEM1,2.0,,0,True,Multiple Myeloma,33,ACTUAL,2014-07-30,2019-04-25,2021-04-27,https://clinicaltrials.gov/study/NCT01999335
NCT02119663,A Study of Ruxolitinib in Pancreatic Cancer Patients,PHASE3,TERMINATED,BIOLOGICAL_FAILURE,EFFICACY_FUTILITY,,The safety committee found no safety issues but recommended halting the study based on a lack of efficacy in a similar trial. The sponsor terminated the trial.,Incyte,INCY,Incyte Corporation,INDUSTRY,True,ruxolitinib,CHEMBL:CHEMBL1789941,,Janus Kinase Inhibitors,,,4.0,Janus Kinase Inhibitor; Kinase Inhibitor,1,False,Pancreatic Cancer,86,ACTUAL,2014-06,2016-02,2018-02-13,https://clinicaltrials.gov/study/NCT02119663
NCT02137343,A Phase 3 Study of Rilotumumab (AMG 102) With Cisplatin and Capecitabine (CX) as First-line Therapy in Gastric Cancer,PHASE3,TERMINATED,BIOLOGICAL_FAILURE,SAFETY,,All Amgen sponsored AMG102 clinical studies were terminated following a pre-planned Data Monitoring Committee safety review of study 20070622.,Amgen,AMGN,Amgen,INDUSTRY,True,rilotumumab,CHEMBL:CHEMBL1743063,AMG102,Hepatocyte growth factor inhibitor,Hepatocyte growth factor,HGF,3.0,,0,True,Gastric Cancer,34,ACTUAL,2014-07,2015-06,2016-04-04,https://clinicaltrials.gov/study/NCT02137343
NCT02244112,"A Phase 1 Study of Oprozomib to Assess Food Effect, Drug-Drug Interaction With Midazolam, and Safety and Tolerability in Patients With Advanced Malignancies",PHASE1,TERMINATED,BIOLOGICAL_FAILURE,SAFETY,,"Why study stopped revised to ""A program evaluation identified that the safety profile and pharmacokinetic (PK) characteristics of the formulation used in all oprozomib studies required further optimization and thus enrollment in OPZ009 was halted",Amgen,AMGN,Amgen,INDUSTRY,True,oprozomib,CHEMBL:CHEMBL2103884,,26S proteasome inhibitor,26S proteasome,ADRM1; PSMA1; PSMA2; PSMA3; PSMA4; PSMA5; PSMA6; PSMA7; PSMA8; PSMB1; PSMB10; PSMB11; PSMB2; PSMB3; PSMB4; PSMB5; PSMB6; PSMB7; PSMB8; PSMB9; PSMC1; PSMC2; PSMC3; PSMC4; PSMC5; PSMC6; PSMD1; PSMD11; PSMD12; PSMD13; PSMD14; PSMD2; PSMD3; PSMD4; PSMD6; PSMD7; PSMD8; SEM1,2.0,,0,True,Advanced Non-Central Nervous System (CNS) Malignancies,43,ACTUAL,2014-08,2015-05-15,2021-02-21,https://clinicaltrials.gov/study/NCT02244112
NCT02255110,A Japanese Trial of TH-302 in Subjects With Locally Advanced Unresectable or Metastatic Soft Tissue Sarcoma,PHASE2,TERMINATED,BIOLOGICAL_FAILURE,EFFICACY_FUTILITY,,Sponsor's decision due to negative result of Phase 3 study TH-CR-406/SARC021,Merck KGaA,,"Merck KGaA, Darmstadt, Germany",INDUSTRY,True,evofosfamide,CHEMBL:CHEMBL260046,TH-302,DNA inhibitor,DNA,,3.0,,0,True,Soft Tissue Sarcoma,6,ACTUAL,2014-12-10,2016-01-12,2018-12-14,https://clinicaltrials.gov/study/NCT02255110
NCT02317419,"A Study of RO6927005 Either As Monotherapy (Part A) or in Combination With Gemcitabine and Nab-Paclitaxel (Part B) to Evaluate the Safety, Tolerability, Pharmacokinetics, and Preliminary Clinical Activity in Patients With Mesothelin-positive Metastatic and/or Locally Advanced Malignant Solid Tumors",PHASE1,TERMINATED,BIOLOGICAL_FAILURE,BIOLOGICAL_UNSPECIFIED,,The study was prematurely terminated because the emerging benefit:risk ratio did not justify continuing dosing patients.,Roche,,Hoffmann-La Roche,INDUSTRY,True,lmb-100,CHEMBL:CHEMBL4297777,RO6927005,Elongation factor 2 disrupting agent; Mesothelin binding agent,Elongation factor 2; Mesothelin,EEF2; MSLN,2.0,,0,True,Cancer,15,ACTUAL,2014-12,2015-08,2016-07-26,https://clinicaltrials.gov/study/NCT02317419
NCT02340221,A Study of Taselisib + Fulvestrant Versus Placebo + Fulvestrant in Participants With Advanced or Metastatic Breast Cancer Who Have Disease Recurrence or Progression During or After Aromatase Inhibitor Therapy,PHASE3,TERMINATED,MIXED_CAUSES,MULTIPLE,EFFICACY_FUTILITY; SAFETY,The Sponsor discontinued the manufacturing and development of taselisib due to modest clinical benefit and limited tolerability.,Roche,,Hoffmann-La Roche,INDUSTRY,True,taselisib,CHEMBL:CHEMBL2387080,GDC-0032; RO5537381,PI3-kinase class I inhibitor,PI3-kinase class I,PIK3CA; PIK3CB; PIK3CD; PIK3CG; PIK3R1; PIK3R2; PIK3R3; PIK3R5,3.0,,2,True,Breast Cancer,631,ACTUAL,2015-04-09,2021-06-29,2022-07-12,https://clinicaltrials.gov/study/NCT02340221
NCT02365662,A Study Evaluating Safety and Pharmacokinetics of ABBV-221 in Subjects With Advanced Solid Tumor Types Likely to Exhibit Elevated Levels of Epidermal Growth Factor Receptor,PHASE1,TERMINATED,BIOLOGICAL_FAILURE,SAFETY,,Safety,AbbVie,ABBV,AbbVie,INDUSTRY,True,losatuxizumab vedotin,CHEMBL:CHEMBL4594515,ABBV-221,Epidermal growth factor receptor binding agent; Tubulin inhibitor,Epidermal growth factor receptor; Tubulin,EGFR; TUBA1A; TUBA1B; TUBA1C; TUBA3C; TUBA3E; TUBA4A; TUBB; TUBB1; TUBB2A; TUBB2B; TUBB3; TUBB4A; TUBB4B; TUBB6; TUBB8,2.0,,0,True,Head and Neck Squamous Cell Carcinoma; Non-small Cell Lung Cancer; Triple Negative Breast Cancer; Colorectal Carcinoma; Glioblastoma Multiforme,46,ACTUAL,2015-01-09,2018-03-15,2018-03-30,https://clinicaltrials.gov/study/NCT02365662
NCT02400242,Study of ACY-241 Alone and in Combination With Pomalidomide and Dexamethasone in Multiple Myeloma,PHASE1,TERMINATED,BIOLOGICAL_FAILURE,EFFICACY_FUTILITY,,Lack of efficacy,Bristol Myers Squibb,BMY,Celgene,INDUSTRY,True,citarinostat,CHEMBL:CHEMBL3693786,ACY-241,,,,2.0,,0,True,Multiple Myeloma,85,ACTUAL,2015-05-07,2024-06-03,2024-07-09,https://clinicaltrials.gov/study/NCT02400242
NCT02443337,A Study of LY3023414 and Necitumumab in Squamous Lung Cancer,PHASE2,TERMINATED,BIOLOGICAL_FAILURE,EFFICACY_FUTILITY,,The study stopped due to lack of efficacy.,Eli Lilly,LLY,Eli Lilly and Company,INDUSTRY,True,samotolisib,CHEMBL:CHEMBL4297181,LY3023414,PI3-kinase class I inhibitor; Serine/threonine-protein kinase mTOR inhibitor,PI3-kinase class I; Serine/threonine-protein kinase mTOR,MTOR; PIK3CA; PIK3CB; PIK3CD; PIK3CG; PIK3R1; PIK3R2; PIK3R3; PIK3R5,2.0,,0,True,Non-small Cell Lung Cancer Metastatic,31,ACTUAL,2015-07,2017-09,2020-12-09,https://clinicaltrials.gov/study/NCT02443337
NCT02449681,Study for Treatment of Patients With Recurrent or Metastatic Squamous Cell Carcinoma of the Head and Neck or Skin,PHASE2,TERMINATED,BIOLOGICAL_FAILURE,EFFICACY_FUTILITY,,Lack of efficacy,Rain Oncology Inc,,Rain Oncology Inc,INDUSTRY,True,tarloxotinib,CHEMBL:CHEMBL4297661,TH-4000,Epidermal growth factor receptor inhibitor,Epidermal growth factor receptor,EGFR; ERBB2; ERBB3; ERBB4,2.0,,1,True,Metastatic Head-and-neck Squamous-cell Carcinoma,30,ACTUAL,2015-08,2017-01,2023-01-12,https://clinicaltrials.gov/study/NCT02449681
NCT02452424,A Combination Clinical Study of PLX3397 and Pembrolizumab To Treat Advanced Melanoma and Other Solid Tumors,PHASE1; PHASE2,TERMINATED,BIOLOGICAL_FAILURE,EFFICACY_FUTILITY,,Terminated early for insufficient evidence of clinical efficacy,Daiichi Sankyo,,Daiichi Sankyo,INDUSTRY,True,pembrolizumab; pexidartinib,CHEMBL:CHEMBL3137343; CHEMBL:CHEMBL3813873,MK-3475; PLX3397; SCH-900475,Macrophage colony stimulating factor receptor inhibitor; Programmed cell death protein 1 inhibitor; Stem cell growth factor receptor inhibitor; Tyrosine-protein kinase receptor FLT3 inhibitor,Macrophage colony-stimulating factor 1 receptor; Mast/stem cell growth factor receptor Kit; Programmed cell death protein 1; Receptor-type tyrosine-protein kinase FLT3,CSF1R; FLT3; KIT; PDCD1,4.0,Kinase Inhibitor; Programmed Death Receptor-1 Blocking Antibody,0,False,Melanoma; Non-small Cell Lung Cancer; Squamous Cell Carcinoma of the Head and Neck; Gastrointestinal Stromal Tumor (GIST); Ovarian Cancer,78,ACTUAL,2015-07-02,2018-08-17,2020-03-05,https://clinicaltrials.gov/study/NCT02452424
NCT02454842,"Study for Treatment With TH-4000 (Tarloxotinib) in Epidermal Growth Factor Receptor (EGFR) Mutant, T790M-negative Non-small Cell Lung Cancer (NSCLC) Patients",PHASE2,TERMINATED,BIOLOGICAL_FAILURE,EFFICACY_FUTILITY,,Lack of efficacy,Rain Oncology Inc,,Rain Oncology Inc,INDUSTRY,True,tarloxotinib,CHEMBL:CHEMBL4297661,TH-4000,Epidermal growth factor receptor inhibitor,Epidermal growth factor receptor,EGFR; ERBB2; ERBB3; ERBB4,2.0,,0,True,Non-small Cell Lung Cancer; NSCLC; Non-squamous NSCLC,21,ACTUAL,2015-06,2017-01,2023-01-12,https://clinicaltrials.gov/study/NCT02454842
NCT02575807,"Safety and Efficacy of CRS-207 With Epacadostat in Platinum Resistant Ovarian, Fallopian or Peritoneal Cancer",PHASE1; PHASE2,TERMINATED,MIXED_CAUSES,MULTIPLE,EFFICACY_FUTILITY; RECRUITMENT,Study was stopped due to low enrollment and lack of clinical activity.,"Aduro Biotech, Inc.",,"Aduro Biotech, Inc.",INDUSTRY,True,CRS-207; epacadostat,CHEMBL:CHEMBL3545369,CRS-207; INCB024360,"Indoleamine 2,3-dioxygenase inhibitor","Indoleamine 2,3-dioxygenase 1",IDO1,3.0,,0,True,Platinum-resistant Ovarian Cancer; Platinum-resistant Fallopian Cancer; Platinum-resistant Peritoneal Cancer,35,ACTUAL,2016-03-08,2018-04-26,2019-04-04,https://clinicaltrials.gov/study/NCT02575807
NCT02587962,Dose-escalation Study of Birinapant and Pembrolizumab in Solid Tumors,PHASE1; PHASE2,TERMINATED,BIOLOGICAL_FAILURE,EFFICACY_FUTILITY,,"Based on a futility analysis, the data monitoring committee recommended to stop enrollment.",Medivir,,Medivir,INDUSTRY,True,birinapant,CHEMBL:CHEMBL3039522,,cIAP1/cIAP2 inhibitor,cIAP1/cIAP2,BIRC2; BIRC3,2.0,,0,True,Solid Tumors,34,ACTUAL,2017-08-04,2020-02-17,2021-01-14,https://clinicaltrials.gov/study/NCT02587962
NCT02785900,Vadastuximab Talirine (SGN-CD33A; 33A) Combined With Azacitidine or Decitabine in Older Patients With Newly Diagnosed Acute Myeloid Leukemia,PHASE3,TERMINATED,BIOLOGICAL_FAILURE,SAFETY,,"Due to safety; specifically a higher rate of deaths, including fatal infections, in the SGN33A arm versus the control arm",Pfizer,PFE,Seagen Inc.,INDUSTRY,True,vadastuximab talirine,CHEMBL:CHEMBL3990021,,,,,2.0,,0,True,Acute Myeloid Leukemia,240,ACTUAL,2016-05,2017-10-03,2018-12-12,https://clinicaltrials.gov/study/NCT02785900
NCT02941601,A Study of Gemcitabine-Carboplatin Plus Necitumumab (LY3012211) in Chemotherapy-Naïve Participants With Locally Advanced or Metastatic Squamous Non-Small Cell Lung Cancer (NSCLC),PHASE2,WITHDRAWN,MIXED_CAUSES,MULTIPLE,BUSINESS_STRATEGY; SAFETY,This was a strategic decision for business planning purposes and not out of concern for patient safety.,Eli Lilly,LLY,Eli Lilly and Company,INDUSTRY,True,carboplatin; gemcitabine; necitumumab,CHEMBL:CHEMBL1351; CHEMBL:CHEMBL1743047; CHEMBL:CHEMBL888,LY188011; LY3012211,DNA inhibitor; Epidermal growth factor receptor erbB1 inhibitor; Nucleic Acid Synthesis Inhibitors,DNA; Epidermal growth factor receptor,EGFR,4.0,Epidermal Growth Factor Receptor Antagonist; Nucleoside Metabolic Inhibitor; Platinum-based Drug,0,False,Locally Advanced Squamous Non-Small Cell Lung Cancer; Metastatic Squamous Non-Small Cell Lung Cancer,0,ACTUAL,2016-11,2017-12,2019-09-27,https://clinicaltrials.gov/study/NCT02941601
NCT02951156,"Avelumab In Combination Regimens That Include An Immune Agonist, Epigenetic Modulator, CD20 Antagonist and/or Conventional Chemotherapy in Patients With Relapsed or Refractory Diffuse Large B-cell Lymphoma (R/R DLBCL)",PHASE3,TERMINATED,MIXED_CAUSES,MULTIPLE,EFFICACY_FUTILITY; RECRUITMENT; PROTOCOL_FEASIBILITY,Study was terminated due to closure of study arms following futility analysis and difficulty in enrolling participants due to evolving treatment landscape,Pfizer,PFE,Pfizer,INDUSTRY,True,utomilumab,CHEMBL:CHEMBL3707324,,Tumor necrosis factor receptor superfamily member 9 agonist,Tumor necrosis factor receptor superfamily member 9,TNFRSF9,3.0,,1,True,Diffuse Large B-Cell Lymphoma,29,ACTUAL,2016-12-16,2019-12-02,2020-12-17,https://clinicaltrials.gov/study/NCT02951156
NCT02966171,A Dose Escalation Study to Assess the Safety and Tolerability of HMPL-453 in Patients With Advanced Solid Malignancies,PHASE1,TERMINATED,BIOLOGICAL_FAILURE,SAFETY,,The study was terminated on 23AUG2018 for safety reasons.,Hutchison Medipharma Limited,,Hutchison Medipharma Limited,INDUSTRY,True,hmpl-453,CHEMBL:CHEMBL4650297,HMPL-453,Fibroblast growth factor receptor 1 inhibitor; Fibroblast growth factor receptor 2 inhibitor; Fibroblast growth factor receptor 3 inhibitor,Fibroblast growth factor receptor 1; Fibroblast growth factor receptor 2; Fibroblast growth factor receptor 3,FGFR1; FGFR2; FGFR3,2.0,,0,True,Solid Tumor,14,ACTUAL,2017-01,2018-08-23,2018-11-21,https://clinicaltrials.gov/study/NCT02966171
NCT02984683,Study Evaluating Efficacy and Safety of SAR566658 Treatment in Patients With CA6 Positive Metastatic Triple Negative Breast Cancer,PHASE2,TERMINATED,MIXED_CAUSES,MULTIPLE,EFFICACY_FUTILITY; SAFETY,Study discontinued considering the limited clinical benefit combined with a higher than expected rate of known non-serious ophthalmological event.,Sanofi,SNY,Sanofi,INDUSTRY,True,sar-566658,CHEMBL:CHEMBL2109635,ACT14884; SAR566658,Mucin-1 binding agent; Tubulin inhibitor,Mucin-1; Tubulin,MUC1; TUBA1A; TUBA1B; TUBA1C; TUBA3C; TUBA3E; TUBA4A; TUBB; TUBB1; TUBB2A; TUBB2B; TUBB3; TUBB4A; TUBB4B; TUBB6; TUBB8,2.0,,0,True,Triple Negative Breast Cancer,23,ACTUAL,2017-03-23,2018-09-07,2021-09-08,https://clinicaltrials.gov/study/NCT02984683
NCT02994953,"A Phase Ib Study to Evaluate the Safety, Tolerability, and Pharmacokinetics (PK) of Avelumab in Combination With M9241(NHS-IL12) (JAVELIN IL-12)",PHASE1,TERMINATED,BIOLOGICAL_FAILURE,EFFICACY_FUTILITY,,The study was terminated due to pre-specified futility criteria met.,Merck KGaA,,"EMD Serono Research & Development Institute, Inc.",INDUSTRY,True,immunocytokine nhs-il12,CHEMBL:CHEMBL4298056,M9241,,,,2.0,,1,True,Advanced Solid Tumors,52,ACTUAL,2017-01-31,2020-10-08,2024-09-20,https://clinicaltrials.gov/study/NCT02994953
NCT03123393,TAK-659 in Participants With Relapsed or Refractory Diffuse Large B-Cell Lymphoma (DLBCL),PHASE2,TERMINATED,BIOLOGICAL_FAILURE,EFFICACY_FUTILITY,,Lack of efficacy of the drug; no safety concern,"Calithera Biosciences, Inc",,"Calithera Biosciences, Inc",INDUSTRY,True,mivavotinib,CHEMBL:CHEMBL3979920,TAK-659,,,,2.0,,0,True,Diffuse Large B-cell Lymphoma,49,ACTUAL,2017-10-10,2019-12-17,2023-02-08,https://clinicaltrials.gov/study/NCT03123393
NCT03248479,Magrolimab Monotherapy or Magrolimab in Combination With Azacitidine in Participants With Hematological Malignancies,PHASE1,TERMINATED,BIOLOGICAL_FAILURE,EFFICACY_FUTILITY,,This study has been discontinued due to futility based on the results of a planned analysis of the ENHANCE trial.,Gilead Sciences,GILD,Gilead Sciences,INDUSTRY,True,magrolimab,CHEMBL:CHEMBL4297985,,Leukocyte surface antigen CD47 inhibitor,Leukocyte surface antigen CD47,CD47,3.0,,2,True,Hematological Malignancies,258,ACTUAL,2017-09-08,2023-09-05,2025-01-17,https://clinicaltrials.gov/study/NCT03248479
NCT03254927,A Study of CDX-3379 and Cetuximab and in Patients With Advanced Head and Neck Squamous Cell Carcinoma,PHASE2,TERMINATED,BIOLOGICAL_FAILURE,BIOLOGICAL_UNSPECIFIED,,Sponsor decision based on emerging risk-benefit profile,Celldex Therapeutics,CLDX,Celldex Therapeutics,INDUSTRY,True,cdx-3379,CHEMBL:CHEMBL4650292,CDX-3379,Receptor tyrosine-protein kinase erbB-3 inhibitor,Receptor tyrosine-protein kinase erbB-3,ERBB3,2.0,,1,True,Advanced Head and Neck Squamous Cell Carcinoma,30,ACTUAL,2018-03-27,2020-09-16,2023-04-03,https://clinicaltrials.gov/study/NCT03254927
NCT03349346,"Idelalisib With Rituximab, Ifosfamide, Carboplatin, Etoposide (RICE) in Children and Adolescents",PHASE1,WITHDRAWN,BIOLOGICAL_FAILURE,SAFETY,REGULATORY,The European Medical Agency granted a Paediatric Investigational Product-specific waiver on the grounds that idelalisib is likely to be unsafe in paediatrics,Gilead Sciences,GILD,Gilead Sciences,INDUSTRY,True,carboplatin; etoposide; idelalisib; ifosfamide; rituximab,CHEMBL:CHEMBL1024; CHEMBL:CHEMBL1201576; CHEMBL:CHEMBL1351; CHEMBL:CHEMBL2216870; CHEMBL:CHEMBL44657,,B-lymphocyte antigen CD20 binding agent; DNA inhibitor; DNA topoisomerase II inhibitor; PI3-kinase p110-delta subunit inhibitor,"B-lymphocyte antigen CD20; DNA; DNA topoisomerase II; Phosphatidylinositol 4,5-bisphosphate 3-kinase catalytic subunit delta isoform",MS4A1; PIK3CD; TOP2A; TOP2B,4.0,Alkylating Drug; CD20-directed Cytolytic Antibody; Kinase Inhibitor; Platinum-based Drug; Topoisomerase Inhibitor,0,False,Diffuse Large B-Cell Lymphoma; Mediastinal B-cell Lymphoma,0,ACTUAL,2019-06,2021-02,2018-12-11,https://clinicaltrials.gov/study/NCT03349346
NCT03370302,"A Study to Evaluate the Safety, Tolerability, and Pharmacokinetics (PK) of TAK-228 as Single Agent in Adult East Asian Participants With Advanced Nonhematological Malignancies",PHASE1,TERMINATED,BIOLOGICAL_FAILURE,SAFETY,,"More favorable safety profile was observed in QD schedule, therefore further enrollment in QW schedule was terminated.","Calithera Biosciences, Inc",,"Calithera Biosciences, Inc",INDUSTRY,True,sapanisertib,CHEMBL:CHEMBL3545097,TAK-228,Serine/threonine-protein kinase mTOR inhibitor,Serine/threonine-protein kinase mTOR,MTOR,2.0,,1,True,Advanced Nonhematological Neoplasms,28,ACTUAL,2018-01-17,2019-08-28,2023-02-08,https://clinicaltrials.gov/study/NCT03370302
NCT03371381,"An Efficacy and Safety Study of JNJ-64041757, a Live Attenuated Listeria Monocytogenes Immunotherapy, in Combination With Nivolumab Versus Nivolumab Monotherapy in Participants With Advanced Adenocarcinoma of the Lung",PHASE1; PHASE2,TERMINATED,BIOLOGICAL_FAILURE,EFFICACY_FUTILITY,,Development of JNJ-64041757 in combination with nivolumab discontinued due to lack of clinical benefit observed in the Phase 1b portion of the study,Johnson & Johnson,JNJ,"Janssen Research & Development, LLC",INDUSTRY,True,pemlimogene merolisbac,CHEMBL:CHEMBL4297241,JNJ-757,,,,2.0,,1,True,Adenocarcinoma of Lung,12,ACTUAL,2018-01-02,2018-10-09,2025-02-04,https://clinicaltrials.gov/study/NCT03371381
NCT03429101,A Study of Poziotinib in Combination With T-DM1 in HER2-Positive Breast Cancer,PHASE1,TERMINATED,BIOLOGICAL_FAILURE,SAFETY,,Dose limiting toxicity,"Spectrum Pharmaceuticals, Inc",,"Spectrum Pharmaceuticals, Inc",INDUSTRY,True,poziotinib,CHEMBL:CHEMBL3545154,,Epidermal growth factor receptor inhibitor,Epidermal growth factor receptor,EGFR; ERBB2; ERBB3; ERBB4,3.0,,0,True,Breast Cancer,6,ACTUAL,2018-07-13,2019-04-17,2021-01-15,https://clinicaltrials.gov/study/NCT03429101
NCT03437941,Study to Evaluate Exicorilant (CORT125281) in Combination With Enzalutamide in Patients With Metastatic Castration-Resistant Prostate Cancer,PHASE1; PHASE2,TERMINATED,BIOLOGICAL_FAILURE,EFFICACY_FUTILITY,,The level of benefit observed did not justify enrolling patients in the Dose Expansion phase of the study.,Corcept Therapeutics,CORT,Corcept Therapeutics,INDUSTRY,True,exicorilant,CHEMBL:CHEMBL4089731,CORT125281,,,,2.0,,1,True,Metastatic Castration-Resistant Prostate Cancer,39,ACTUAL,2018-02-20,2021-10-13,2026-05-15,https://clinicaltrials.gov/study/NCT03437941
NCT03447769,Brief Title: Study of Efficacy and Safety of Canakinumab as Adjuvant Therapy in Adult Subjects With Stages AJCC/UICC v. 8 II-IIIA and IIIB (T>5cm N2) Completely Resected Non-small Cell Lung Cancer Acronym: CANOPY-A,PHASE3,TERMINATED,BIOLOGICAL_FAILURE,BIOLOGICAL_UNSPECIFIED,,"Upon review of the primary analysis results, the benefit-risk was assessed by the Steering Committee Members with the decision that the study will be closed. No new safety signals were observed for canakinumab.",Novartis,NVS,Novartis Pharmaceuticals,INDUSTRY,True,canakinumab,CHEMBL:CHEMBL1201834,ACZ885,Interleukin-1 beta inhibitor,Interleukin-1 beta,IL1B,4.0,,1,False,Non-Small Cell Lung Cancer,1382,ACTUAL,2018-03-16,2022-03-17,2024-10-09,https://clinicaltrials.gov/study/NCT03447769
NCT03498716,A Study Comparing Atezolizumab (Anti PD-L1 Antibody) In Combination With Adjuvant Anthracycline/Taxane-Based Chemotherapy Versus Chemotherapy Alone In Patients With Operable Triple-Negative Breast Cancer,PHASE3,TERMINATED,BIOLOGICAL_FAILURE,EFFICACY_FUTILITY,,The study was terminated by the sponsor following interim analysis as the primary endpoint of iDFS crossed the pre-specified futility boundary of hazard ratio \> 1 in the Intent-to-Treat (ITT) population.,Roche,,Hoffmann-La Roche,INDUSTRY,True,atezolizumab,CHEMBL:CHEMBL3707227,,Programmed cell death 1 ligand 1 inhibitor,Programmed cell death 1 ligand 1,CD274,4.0,Programmed Death Receptor-1 Blocking Antibody,2,False,Triple Negative Breast Cancer,2199,ACTUAL,2018-08-02,2023-08-14,2024-08-21,https://clinicaltrials.gov/study/NCT03498716
NCT03504410,Efficacy/Safety of CPI-613 in Combination With HD Cyt. and Mito. vs HD Cyt. and Mito. in Older Patients With R/R AML,PHASE3,TERMINATED,BIOLOGICAL_FAILURE,EFFICACY_FUTILITY,,Futile,Cornerstone Pharmaceuticals,,Cornerstone Pharmaceuticals,INDUSTRY,True,cpi 613,CHEMBL:CHEMBL3186849,CPI-613,,,,3.0,,1,True,Relapsed/Refractory Acute Myeloid Leukemia,200,ACTUAL,2018-11-12,2021-10-25,2023-02-08,https://clinicaltrials.gov/study/NCT03504410
NCT03637491,"A Study of Avelumab, Binimetinib and Talazoparib in Patients With Locally Advanced or Metastatic RAS-mutant Solid Tumors",PHASE1; PHASE2,TERMINATED,MIXED_CAUSES,MULTIPLE,EFFICACY_FUTILITY; PROTOCOL_FEASIBILITY,Available clinical data has shown limited anti-tumor activity and reaching target study drug dose levels may not be feasible.,Pfizer,PFE,Pfizer,INDUSTRY,True,avelumab; binimetinib; talazoparib,CHEMBL:CHEMBL3137320; CHEMBL:CHEMBL3187723; CHEMBL:CHEMBL3833373,ARRY-438162; BMN-673; MDV3800; MEK162; MSB0010718C,Dual specificity mitogen-activated protein kinase kinase 1 inhibitor; Dual specificity mitogen-activated protein kinase kinase 2 inhibitor; Poly [ADP-ribose] polymerase 2 inhibitor; Poly [ADP-ribose] polymerase-1 inhibitor; Programmed cell death 1 ligand 1 other,Dual specificity mitogen-activated protein kinase kinase 1; Dual specificity mitogen-activated protein kinase kinase 2; Poly [ADP-ribose] polymerase 1; Poly [ADP-ribose] polymerase 2; Programmed cell death 1 ligand 1,CD274; MAP2K1; MAP2K2; PARP1; PARP2,4.0,Poly(ADP-Ribose) Polymerase Inhibitor; Programmed Death Ligand-1 Blocker,2,False,Pancreatic Cancer,36,ACTUAL,2018-08-15,2020-12-03,2022-01-26,https://clinicaltrials.gov/study/NCT03637491
NCT03687125,Tinostamustine Conditioning and Autologous Stem Cell,PHASE1; PHASE2,TERMINATED,BIOLOGICAL_FAILURE,SAFETY,,Sponsor decision based on adverse events limiting administration of higher doses required to achieve myeoblative conditioning necessary in this population,Mundipharma-EDO GmbH,,Mundipharma-EDO GmbH,INDUSTRY,True,tinostamustine,CHEMBL:CHEMBL3989941,,,,,2.0,,0,True,Multiple Myeloma in Relapse; Multiple Myeloma Progression; Multiple Myeloma With Failed Remission,6,ACTUAL,2018-10-15,2019-04-17,2021-06-18,https://clinicaltrials.gov/study/NCT03687125
NCT03799003,A Study of ASP1951 in Subjects With Advanced Solid Tumors,PHASE1,TERMINATED,BIOLOGICAL_FAILURE,EFFICACY_FUTILITY,,Study was terminated for lack of efficacy.,Astellas Pharma,,"Astellas Pharma Global Development, Inc.",INDUSTRY,True,asp-1951,CHEMBL:CHEMBL4650445,ASP1951,,,,1.0,,0,True,Advanced Solid Tumors,119,ACTUAL,2019-01-14,2023-07-06,2024-11-01,https://clinicaltrials.gov/study/NCT03799003
NCT03833167,Pembrolizumab (MK-3475) Versus Placebo Following Surgery and Radiation in Participants With Locally Advanced Cutaneous Squamous Cell Carcinoma (MK-3475-630/KEYNOTE-630),PHASE3,TERMINATED,BIOLOGICAL_FAILURE,EFFICACY_FUTILITY,,The study stopped due to futility,Merck & Co.,MRK,Merck Sharp & Dohme LLC,INDUSTRY,True,pembrolizumab,CHEMBL:CHEMBL3137343,MK-3475,Programmed cell death protein 1 inhibitor,Programmed cell death protein 1,PDCD1,4.0,Programmed Death Receptor-1 Blocking Antibody,0,False,"Carcinoma, Squamous Cell",450,ACTUAL,2019-04-01,2024-06-28,2026-09-28,https://clinicaltrials.gov/study/NCT03833167
NCT03876925,"A Single Arm, Open-label,Phase Ib Study of CT053PTSA in Preciously Treated Patients With Advanced and Metastatic RCC",PHASE1; PHASE2,TERMINATED,BIOLOGICAL_FAILURE,EFFICACY_FUTILITY,,The effect of CT053PTSA in preciously treated patients with advanced and metastatic RCC is not as good as pre-expected,"Sunshine Lake Pharma Co., Ltd.",,"Sunshine Lake Pharma Co., Ltd.",INDUSTRY,True,ningetinib,CHEMBL:CHEMBL3984441,,Hepatocyte growth factor receptor inhibitor; Proto-oncogene tyrosine-protein kinase MER inhibitor; Tyrosine-protein kinase receptor FLT3 inhibitor; Tyrosine-protein kinase receptor UFO inhibitor; Vascular endothelial growth factor receptor 2 inhibitor,Hepatocyte growth factor receptor; Receptor-type tyrosine-protein kinase FLT3; Tyrosine-protein kinase Mer; Tyrosine-protein kinase receptor UFO; Vascular endothelial growth factor receptor 2,AXL; FLT3; KDR; MERTK; MET,2.0,,0,True,Renal Cell Cancer Metastatic,10,ACTUAL,2018-06-25,2020-03-01,2021-03-24,https://clinicaltrials.gov/study/NCT03876925
NCT04139317,Safety and Efficacy of Capmatinib (INC280) Plus Pembrolizumab vs Pembrolizumab Alone in NSCLC With PD-L1≥ 50%,PHASE2,TERMINATED,BIOLOGICAL_FAILURE,SAFETY,,Sponsor decision to terminate due to the lack of tolerability observed in patients treated with capmatinib and pembrolizumab in the combination arm as compared to patients treated with pembrolizumab alone in the pembrolizumab single agent arm,Novartis,NVS,Novartis Pharmaceuticals,INDUSTRY,True,capmatinib,CHEMBL:CHEMBL3188267,INC280,Hepatocyte growth factor receptor inhibitor,Hepatocyte growth factor receptor,MET,4.0,Kinase Inhibitor,0,False,Non-small Cell Lung Cancer (NSCLC),76,ACTUAL,2020-01-22,2022-01-14,2024-10-09,https://clinicaltrials.gov/study/NCT04139317
NCT04157517,A Study of Modakafusp Alfa (TAK-573) Given by Itself and Together With Pembrolizumab in Adults With Advanced or Metastatic Solid Tumors,PHASE1; PHASE2,TERMINATED,BIOLOGICAL_FAILURE,EFFICACY_FUTILITY,,Study was terminated early due to futility.,Teva Branded Pharmaceutical Products R&D LLC,,Teva Branded Pharmaceutical Products R&D LLC,INDUSTRY,True,modakafusp alfa,CHEMBL:CHEMBL4297836,TAK-573,,,,2.0,,1,True,Neoplasms; Melanoma,45,ACTUAL,2019-12-12,2023-12-20,2026-01-29,https://clinicaltrials.gov/study/NCT04157517
NCT04265534,"KEAPSAKE: A Study of Telaglenastat (CB-839) With Standard-of-Care Chemoimmunotherapy in 1L KEAP1/NRF2-Mutated, Nonsquamous NSCLC",PHASE2,TERMINATED,BIOLOGICAL_FAILURE,EFFICACY_FUTILITY,,Lack of Clinical Benefit,"Calithera Biosciences, Inc",,"Calithera Biosciences, Inc",INDUSTRY,True,telaglenastat,CHEMBL:CHEMBL3639788,CB-839,"Glutaminase kidney isoform, mitochondrial inhibitor","Glutaminase kidney isoform, mitochondrial",GLS,2.0,,2,True,Non-Small Cell Lung Cancer; Non-squamous Non-small-cell Lung Cancer; Non-Squamous Non-Small Cell Neoplasm of Lung; KEAP1 Gene Mutation; NRF2 Gene Mutation; NFE2L2 Gene Mutation,40,ACTUAL,2020-07-24,2021-11-05,2022-09-21,https://clinicaltrials.gov/study/NCT04265534
NCT04267939,ATR Inhibitor Elimusertib (BAY1895344) Plus Niraparib Phase 1b Study in Advanced Solid Tumors and Ovarian Cancer,PHASE1,TERMINATED,BIOLOGICAL_FAILURE,EFFICACY_FUTILITY,,There was no anticipated benefit of the experimental combination as tested over available standard therapies; therefore Sponsor has decided to terminate the investigation.,Bayer,,Bayer,INDUSTRY,True,elimusertib,CHEMBL:CHEMBL4647810,BAY1895344,Serine-protein kinase ATR inhibitor,Serine/threonine-protein kinase ATR,ATR,1.0,,1,True,Advanced Solid Tumors (Excluding Prostate Cancer); Ovarian Cancer,14,ACTUAL,2020-02-26,2023-12-01,2023-12-21,https://clinicaltrials.gov/study/NCT04267939
NCT04308785,A Study of Atezolizumab With or Without Tiragolumab Consolidation in Limited Stage Small Cell Lung Cancer,PHASE2,TERMINATED,BIOLOGICAL_FAILURE,EFFICACY_FUTILITY,,The sponsor's decision was based on the negative results of SKYSCRAPER-02.,Roche,,Hoffmann-La Roche,INDUSTRY,True,tiragolumab,CHEMBL:CHEMBL4298050,,T-cell immunoreceptor with Ig and ITIM domains inhibitor,T-cell immunoreceptor with Ig and ITIM domains,TIGIT,3.0,,0,True,"Carcinoma, Small Cell Lung",24,ACTUAL,2021-12-01,2023-07-25,2023-10-23,https://clinicaltrials.gov/study/NCT04308785
NCT04349280,A Study to Evaluate the Efficacy and Safety of Bintrafusp Alfa (M7824) Monotherapy in Metastatic or Locally Advanced Urothelial Cancer,PHASE1,TERMINATED,BIOLOGICAL_FAILURE,SAFETY,,Primary investigator withdrew the participant due to an SAE,GSK,GSK,GlaxoSmithKline,INDUSTRY,True,bintrafusp alfa,CHEMBL:CHEMBL4298024,,Programmed cell death 1 ligand 1 binding agent; Transforming growth factor beta binding agent,Programmed cell death 1 ligand 1; Transforming growth factor beta,CD274; TGFB1; TGFB2; TGFB3,3.0,,0,True,Neoplasms,25,ACTUAL,2020-10-15,2022-08-15,2024-04-18,https://clinicaltrials.gov/study/NCT04349280
NCT04404140,"A Study Evaluating The Safety, Efficacy and Pharmacokinetics Of Ipatasertib In Combination With Atezolizumab And Docetaxel In Metastatic Castration-Resistant Prostate Cancer (mCRPC).",PHASE1,TERMINATED,BIOLOGICAL_FAILURE,SAFETY,,"Despite many risk-minimization strategies, the combination of ipatasertib, atezolizumab and docetaxel was challenging due to multiple study treatment modifications required to manage toxicity, making further enrollment inappropriate.",Roche,,Hoffmann-La Roche,INDUSTRY,True,ipatasertib,CHEMBL:CHEMBL2177390,,Serine/threonine-protein kinase AKT inhibitor,Serine/threonine-protein kinase AKT,AKT1; AKT2; AKT3,3.0,,0,True,Castration-Resistant Prostatic Cancer,6,ACTUAL,2020-07-09,2022-10-14,2023-10-17,https://clinicaltrials.gov/study/NCT04404140
NCT04459715,"A Study of Xevinapant (Debio 1143) in Combination With Platinum-Based Chemotherapy and Standard Fractionation Intensity-Modulated Radiotherapy in Participants With Locally Advanced Squamous Cell Carcinoma of the Head and Neck, Suitable for Definitive Chemoradiotherapy (TrilynX)",PHASE3,TERMINATED,BIOLOGICAL_FAILURE,EFFICACY_FUTILITY,,Study has crossed the pre-defined futility boundary at the Interim Analysis.,Merck KGaA,,"EMD Serono Research & Development Institute, Inc.",INDUSTRY,True,xevinapant,CHEMBL:CHEMBL2158051,DEBIO-1143,,,,3.0,,2,True,Squamous Cell Carcinoma of the Head and Neck,730,ACTUAL,2020-08-07,2024-09-18,2025-10-08,https://clinicaltrials.gov/study/NCT04459715
NCT04479436,A Study to Evaluate U3-1402 in Subjects With Advanced or Metastatic Colorectal Cancer,PHASE2,TERMINATED,BIOLOGICAL_FAILURE,EFFICACY_FUTILITY,,Study was terminated early given the Interim Analysis for Part 1 (signal finding) did not meet pre-specified criteria and will not proceed to Part 2. Sponsor will proceed closing the study.,Daiichi Sankyo,,Daiichi Sankyo,INDUSTRY,True,patritumab deruxtecan,CHEMBL:CHEMBL4594611,,DNA topoisomerase I inhibitor; Receptor tyrosine-protein kinase erbB-3 binding agent,DNA topoisomerase 1; Receptor tyrosine-protein kinase erbB-3,ERBB3; TOP1,3.0,,0,True,Metastatic Colorectal Cancer,40,ACTUAL,2020-09-14,2022-02-03,2025-05-18,https://clinicaltrials.gov/study/NCT04479436
NCT04642365,A Study to Evaluate the Safety and Tolerability of RO7296682 in Combination With Atezolizumab in Participants With Advanced Solid Tumors.,PHASE1,TERMINATED,MIXED_CAUSES,MULTIPLE,EFFICACY_FUTILITY; RECRUITMENT; DECISION_WITHOUT_STATED_CAUSE,"The sponsor decided to terminate the study early, due to recruitment challenges for Part II and, based on the totality of data generated with a low likelihood of achieving the targeted efficacy, to open Part III.",Roche,,Hoffmann-La Roche,INDUSTRY,True,vopikitug,CHEMBL:CHEMBL4650512,RO7296682,,,,2.0,,1,True,Solid Tumors,49,ACTUAL,2021-01-04,2024-01-04,2025-05-21,https://clinicaltrials.gov/study/NCT04642365
NCT04778397,Study of Magrolimab in Combination With Azacitidine Versus Physician's Choice of Venetoclax in Combination With Azacitidine or Intensive Chemotherapy in Patients With TP53 Mutant Acute Myeloid Leukemia That Have Not Been Treated,PHASE3,TERMINATED,BIOLOGICAL_FAILURE,EFFICACY_FUTILITY,,Study discontinued due to futility.,Gilead Sciences,GILD,Gilead Sciences,INDUSTRY,True,magrolimab,CHEMBL:CHEMBL4297985,GS-4721,Leukocyte surface antigen CD47 inhibitor,Leukocyte surface antigen CD47,CD47,3.0,,2,True,Acute Myeloid Leukemia,258,ACTUAL,2021-07-01,2024-03-25,2025-02-05,https://clinicaltrials.gov/study/NCT04778397
NCT04907227,Study of Pembrolizumab (MK-3475) Plus Docetaxel Versus Placebo Plus Docetaxel in Chemotherapy-naïve Metastatic Castration-resistant Prostate Cancer (mCRPC) (MK-3475-921/KEYNOTE-921)-China Extension,PHASE3,TERMINATED,BIOLOGICAL_FAILURE,EFFICACY_FUTILITY,,The data did not support study endpoints,Merck & Co.,MRK,Merck Sharp & Dohme LLC,INDUSTRY,True,pembrolizumab,CHEMBL:CHEMBL3137343,MK-3475,Programmed cell death protein 1 inhibitor,Programmed cell death protein 1,PDCD1,4.0,Programmed Death Receptor-1 Blocking Antibody,0,False,Prostatic Neoplasms,81,ACTUAL,2020-09-23,2022-08-03,2024-07-12,https://clinicaltrials.gov/study/NCT04907227
NCT04933695,A Study of Sotorasib (AMG 510) in Participants With Stage IV NSCLC Whose Tumors Harbor a KRAS p.G12C Mutation in Need of First-line Treatment,PHASE2,TERMINATED,BIOLOGICAL_FAILURE,EFFICACY_FUTILITY,,Futility,Amgen,AMGN,Amgen,INDUSTRY,True,sotorasib,CHEMBL:CHEMBL4535757,AMG-510,GTPase KRas inhibitor,GTPase KRas,KRAS,4.0,,0,False,Non-small Cell Lung Cancer,42,ACTUAL,2022-01-28,2025-05-28,2026-07-13,https://clinicaltrials.gov/study/NCT04933695
NCT04952753,Study of NIS793 and Other Novel Investigational Combinations With SOC Anti-cancer Therapy for the 2L Treatment of mCRC,PHASE2,TERMINATED,BIOLOGICAL_FAILURE,SAFETY,,"The study was terminated early due to the halt of NIS793 treatment and urgent safety measures issued in July and August 2023, respectively, as continued evaluation of Standard of Care alone will not support the trial's purpose.",Novartis,NVS,Novartis Pharmaceuticals,INDUSTRY,True,nisevokitug,CHEMBL:CHEMBL4298057,NIS793,,,,3.0,,0,True,Metastatic Colorectal Cancer,204,ACTUAL,2021-11-15,2025-01-20,2025-03-26,https://clinicaltrials.gov/study/NCT04952753
NCT04969861,BEMPEG With Pembrolizumab vs Pembrolizumab Alone in Patients With Metastatic or Recurrent HNSCC (PROPEL-36),PHASE2; PHASE3,TERMINATED,BIOLOGICAL_FAILURE,EFFICACY_FUTILITY,,"Nektar Therapeutics made the decision to discontinue the bempegaldesleukin program based on three negative studies. SFJ Pharmaceuticals, Inc. and Nektar Therapeutics, in consultation with the study IDMC, have decided to discontinue PROPEL-36.",Nektar Therapeutics,NKTR,Nektar Therapeutics,INDUSTRY,True,bempegaldesleukin,CHEMBL:CHEMBL4298058,,,,,3.0,,0,True,Metastatic Head and Neck Cancer; Recurrent Head and Neck Cancer,1,ACTUAL,2022-03-09,2022-04-22,2023-01-12,https://clinicaltrials.gov/study/NCT04969861
NCT05079230,Study of Magrolimab Versus Placebo in Combination With Venetoclax and Azacitidine in Participants With Acute Myeloid Leukemia,PHASE3,TERMINATED,BIOLOGICAL_FAILURE,EFFICACY_FUTILITY,,Study was terminated due to futility,Gilead Sciences,GILD,Gilead Sciences,INDUSTRY,True,magrolimab,CHEMBL:CHEMBL4297985,GS-4721,Leukocyte surface antigen CD47 inhibitor,Leukocyte surface antigen CD47,CD47,3.0,,2,True,Acute Myeloid Leukemia,378,ACTUAL,2022-07-07,2024-04-11,2025-04-04,https://clinicaltrials.gov/study/NCT05079230
NCT05256381,A Study of SOT101 in Combination With Pembrolizumab to Evaluate the Efficacy and Safety in Patients With Selected Advanced Solid Tumors,PHASE2,TERMINATED,BIOLOGICAL_FAILURE,EFFICACY_FUTILITY,,Due to lack of expected efficacy shown at the time of the interim analysis,SOTIO Biotech AG,,SOTIO Biotech AG,INDUSTRY,True,nanrilkefusp alfa,CHEMBL:CHEMBL5095385,SOT101,,,,2.0,,0,True,Non-Small Cell Lung Cancer; Colorectal Cancer; Cutaneous Squamous Cell Carcinoma; Hepatocellular Carcinoma; Castration-resistant Prostate Cancer; Ovarian Cancer,166,ACTUAL,2022-06-21,2024-08-31,2025-11-17,https://clinicaltrials.gov/study/NCT05256381
NCT05580770,Mirdametinib + BGB-3245 in Advanced Solid Tumors,PHASE1; PHASE2,TERMINATED,BIOLOGICAL_FAILURE,SAFETY,,Lack of tolerability of BGB-3245 (Brimarafenib) when given in combination with Mirdametinib,"SpringWorks Therapeutics, Inc., a healthcare company of Merck KGaA, Darmstadt, Germany",,"SpringWorks Therapeutics, Inc., a healthcare company of Merck KGaA, Darmstadt, Germany",INDUSTRY,True,brimarafenib,CHEMBL:CHEMBL5800160,BGB-3245,,,,2.0,,0,True,Advanced Solid Tumor,23,ACTUAL,2023-02-03,2025-01-15,2026-08-20,https://clinicaltrials.gov/study/NCT05580770
NCT05731947,Evaluation of Revumenib in Participants With Colorectal Cancer and Other Solid Tumors,PHASE1; PHASE2,TERMINATED,BIOLOGICAL_FAILURE,EFFICACY_FUTILITY,,Study was terminated by sponsor after Phase 1b as pre-defined signals of efficacy were not met in the Phase 1b dose expansion cohort.,Syndax Pharmaceuticals,SNDX,Syndax Pharmaceuticals,INDUSTRY,True,revumenib,CHEMBL:CHEMBL4650827,SNDX-5613,Fusion Protein Inhibitors; Methyltransferase Inhibitors,,,4.0,Menin Inhibitor,0,False,Colorectal Cancer; Solid Tumors,41,ACTUAL,2023-04-04,2025-06-30,2026-07-06,https://clinicaltrials.gov/study/NCT05731947
NCT05983367,A Study to Investigate Ompenaclid Combined With FOLFIRI Plus Bevacizumab in Advanced/Metastatic Colorectal Cancer,PHASE2,TERMINATED,BIOLOGICAL_FAILURE,EFFICACY_FUTILITY,,"At the time of the primary analysis, results did not meet the primary endpoint","Inspirna, Inc.",,"Inspirna, Inc.",INDUSTRY,True,ompenaclid,CHEMBL:CHEMBL20489,RGX-202-01,,,,2.0,,0,True,Colorectal Cancer; Metastatic Colon Cancer,76,ACTUAL,2023-10-10,2025-01-31,2026-02-20,https://clinicaltrials.gov/study/NCT05983367
NCT06160609,Platform Sub-study of Belantamab Mafodotin (GSK2857916) in Combination With aOX40 (GSK3174998) in Participants With RRMM,PHASE1; PHASE2,TERMINATED,BIOLOGICAL_FAILURE,EFFICACY_FUTILITY,,The study was terminated due to lack of efficacy.,GSK,GSK,GlaxoSmithKline,INDUSTRY,True,gsk-3174998,CHEMBL:CHEMBL4297968,AOX40; GSK3174998,Tumor necrosis factor receptor superfamily member 4 agonist,Tumor necrosis factor receptor superfamily member 4,TNFRSF4,2.0,,0,True,Relapsed/Refractory Multiple Myeloma,9,ACTUAL,2019-10-07,2023-01-09,2024-03-12,https://clinicaltrials.gov/study/NCT06160609
NCT06267001,A Study of Tiragolumab Plus Atezolizumab Compared With Placebo Plus Atezolizumab in Participants With Completely Resected Non-small Cell Lung Cancer Who Have Received Adjuvant Platinum-based Chemotherapy,PHASE3,TERMINATED,MIXED_CAUSES,MULTIPLE,EFFICACY_FUTILITY; BUSINESS_STRATEGY,"Decision to terminate study was driven by results from preceding tiragolumab study (SKYSCRAPER-06;NCT04619797) \& sponsor's strategic priorities, not due to safety risks or quality reasons for any of molecules/combinations investigated in this study.",Roche,,Hoffmann-La Roche,INDUSTRY,True,tiragolumab,CHEMBL:CHEMBL4298050,MTIG7192A; RO7092284,T-cell immunoreceptor with Ig and ITIM domains inhibitor,T-cell immunoreceptor with Ig and ITIM domains,TIGIT,3.0,,0,True,Non-small Cell Lung Cancer (NSCLC),56,ACTUAL,2024-03-21,2025-12-16,2026-06-10,https://clinicaltrials.gov/study/NCT06267001
