# Oncology Failure Signals — evaluation sample (100 of 986 records), dataset 2026-09-16
# Sources: ClinicalTrials.gov; RxNorm/RxClass (NLM); ChEMBL (EMBL-EBI, CC BY-SA 3.0); PubMed (NCBI); SEC EDGAR. Derived fields by ClinicalTrialFailures.
# Evaluation use only. Full dataset and licensing: https://clinicaltrialfailures.com/data-licensing
nct_id,brief_title,phases,overall_status,failure_outcome,failure_primary_reason,failure_secondary_reasons,why_stopped,sponsor_group,sponsor_ticker,focus_assets,focus_asset_ids,focus_research_codes,focus_mechanisms,focus_target_genes,focus_max_phase_chembl,conditions,enrollment_count,start_date,last_update_post_date,publication_count,registry_url
NCT00199342,"A Study of a Monoclonal Antibody, KW-2871, in Patients With Advanced Melanoma",PHASE1; PHASE2,TERMINATED,BIOLOGICAL_FAILURE,SAFETY,,Occurrence of 2 dose-limiting toxicities at the initial dose level (60 mg/m2) in Part I.,"Kyowa Kirin, Inc.",,ecromeximab,CHEMBL:CHEMBL2109057,KW-2871,Ganglioside GD3 other,,2.0,Stage IV Melanoma,5,2004-11,2024-05-03,0,https://clinicaltrials.gov/study/NCT00199342
NCT00299390,Safety and Efficacy Study of a New Chemotherapy Agent to Treat Small Cell Lung Cancer,PHASE2,TERMINATED,BIOLOGICAL_FAILURE,EFFICACY_FUTILITY,,"Since only 1 of the first 10 subjects responded to the study treatment, it was decided to stop the trial due to lack of efficacy .",Bayer,,sagopilone,CHEMBL:CHEMBL2304041,BAY86-5302; ZK-219477,Tubulin stabiliser,TUBA1A; TUBA1B; TUBA1C; TUBA3C; TUBA3E; TUBA4A; TUBB; TUBB1; TUBB2A; TUBB2B; TUBB3; TUBB4A; TUBB4B; TUBB6; TUBB8,2.0,Small Cell Lung Carcinoma,10,2006-04,2015-12-31,0,https://clinicaltrials.gov/study/NCT00299390
NCT00312286,Efficacy of 851B Gel for Treating High-Risk Cervical Human Papillomavirus Infection in Women.,PHASE2,TERMINATED,BIOLOGICAL_FAILURE,EFFICACY_FUTILITY,,Lack of efficacy,Takeda,TAK,epetirimod,CHEMBL:CHEMBL2103807,,,,2.0,Papillomavirus Infections,538,2006-04,2016-09-23,0,https://clinicaltrials.gov/study/NCT00312286
NCT00431340,"A Phase II Study of Belinostat in Combination With Bortezomib in Patients With Relapsed, Refractory Multiple Myeloma",PHASE2,TERMINATED,BIOLOGICAL_FAILURE,SAFETY,,Terminated due to dose limiting toxicity,Valerio Therapeutics,,belinostat,CHEMBL:CHEMBL408513,PXD101,Histone deacetylase inhibitor,HDAC1; HDAC10; HDAC11; HDAC2; HDAC3; HDAC4; HDAC5; HDAC6; HDAC7; HDAC8; HDAC9,4.0,Multiple Myeloma,4,2007-03,2015-07-08,0,https://clinicaltrials.gov/study/NCT00431340
NCT00437294,Enzastaurin in Combination of Capecitabine to Treat Breast Cancer,PHASE2,TERMINATED,BIOLOGICAL_FAILURE,EFFICACY_FUTILITY,,Lack of efficacy,Eli Lilly,LLY,enzastaurin,CHEMBL:CHEMBL300138,LY317615,Protein kinase C beta inhibitor,PRKCB,3.0,Breast Cancer,86,2007-03,2020-08-10,0,https://clinicaltrials.gov/study/NCT00437294
NCT00574275,Aflibercept Compared to Placebo in Term of Efficacy in Patients Treated With Gemcitabine for Metastatic Pancreatic Cancer,PHASE3,TERMINATED,BIOLOGICAL_FAILURE,EFFICACY_FUTILITY,,Data Monitoring Committee concluded after a planned interim analysis that aflibercept added to gemcitabine would be unable to demonstrate improved survival,Sanofi,SNY,aflibercept,CHEMBL:CHEMBL1742982,AVE0005,Placenta growth factor inhibitor; Vascular endothelial growth factor A inhibitor,PGF; VEGFA,4.0,Pancreatic Neoplasm,546,2007-12,2016-06-07,0,https://clinicaltrials.gov/study/NCT00574275
NCT00687596,Study of TAC-101 as Second Line Treatment in Patients With Advanced Hepatocellular Carcinoma Who Received Sorafenib as First Line Therapy,PHASE2,TERMINATED,BIOLOGICAL_FAILURE,SAFETY,,Terminated due to safety concerns,Otsuka Holdings,,amsilarotene,CHEMBL:CHEMBL32994,TAC-101,,,2.0,Hepatocellular Carcinoma,52,2008-08-01,2024-09-19,0,https://clinicaltrials.gov/study/NCT00687596
NCT00779480,"Safety, Tolerability, and Pharmacokinetic/Pharmacodynamic Study of KW-2449 in Acute Myelogenous Leukemia (AML) (Protocol Number: 2449-US-002)",PHASE1,TERMINATED,BIOLOGICAL_FAILURE,BIOLOGICAL_UNSPECIFIED,,Failure to demonstrate a tolerable dose that had potential for efficacy.,"Kyowa Kirin Co., Ltd.",,kw-2449,CHEMBL:CHEMBL1908397,KW-2449,Serine/threonine-protein kinase Aurora-A inhibitor; Serine/threonine-protein kinase Aurora-B inhibitor; Tyrosine-protein kinase ABL inhibitor; Tyrosine-protein kinase receptor FLT3 inhibitor,ABL1; AURKA; AURKB; FLT3,1.0,Acute Myelogenous Leukemia (AML),14,2009-01,2024-04-25,0,https://clinicaltrials.gov/study/NCT00779480
NCT00848601,"Safety of SGI-1776, A PIM Kinase Inhibitor in Refractory Prostate Cancer and Relapsed/Refractory Non Hodgkin's Lymphoma",PHASE1,TERMINATED,BIOLOGICAL_FAILURE,SAFETY,,The dose limiting toxicity of cardiac QTc prolongation was identifiedin the phase 1 study in patients with refractory prostate and lymphoma,"Astex Pharmaceuticals, Inc.",,sgi-1776,CHEMBL:CHEMBL1952329,SGI-1776,Serine/threonine-protein kinase PIM inhibitor,PIM1; PIM2; PIM3,1.0,Prostate Cancer; Non-Hodgkins Lymphoma,14,2009-02,2024-08-02,0,https://clinicaltrials.gov/study/NCT00848601
NCT00883116,"A Study of Ixabepilone as Second-line Therapy for Locally Advanced, Recurrent, or Metastatic Endometrial Cancer",PHASE3,TERMINATED,BIOLOGICAL_FAILURE,EFFICACY_FUTILITY,,Interim analysis results showed that ixabepilone did not improve survival compared with control chemotherapies.,R-Pharm,,ixabepilone,CHEMBL:CHEMBL1201752,BMS-247550,Tubulin inhibitor,TUBA1A; TUBA1B; TUBA1C; TUBA3C; TUBA3E; TUBA4A; TUBB; TUBB1; TUBB2A; TUBB2B; TUBB3; TUBB4A; TUBB4B; TUBB6; TUBB8,4.0,Endometrial Cancer,551,2009-08,2017-03-09,0,https://clinicaltrials.gov/study/NCT00883116
NCT00887926,Study of IMC-EB10 in Participant With Leukemia,PHASE1,TERMINATED,BIOLOGICAL_FAILURE,EFFICACY_FUTILITY,,Lack of efficacy,Eli Lilly,LLY,imc-eb10,CHEMBL:CHEMBL2109328,EB10; LY3012218,Tyrosine-protein kinase receptor FLT3 inhibitor,FLT3,1.0,Myeloid Leukemia,25,2009-06,2022-12-22,0,https://clinicaltrials.gov/study/NCT00887926
NCT01006252,A Study of Tasisulam-sodium Versus Paclitaxel as Treatment for Metastatic Melanoma,PHASE3,TERMINATED,BIOLOGICAL_FAILURE,SAFETY,,More possibly treatment-related deaths on tasisulam-sodium arm.,Eli Lilly,LLY,tasisulam,CHEMBL:CHEMBL2110587,LY573636,,,3.0,Melanoma,336,2009-12,2018-07-17,0,https://clinicaltrials.gov/study/NCT01006252
NCT01185548,A Drug Interaction Study of Tasisulam in Patients With Advanced Cancer or Lymphoma,PHASE1,TERMINATED,BIOLOGICAL_FAILURE,SAFETY,,Terminated based on safety results from another trial,Eli Lilly,LLY,tasisulam,CHEMBL:CHEMBL2110587,LY573636,,,3.0,Lymphoma; Advanced Cancer,4,2010-07,2018-10-19,0,https://clinicaltrials.gov/study/NCT01185548
NCT01209832,A Tasisulam and Midazolam Drug Interaction Study in Cancer Patients,PHASE1,TERMINATED,BIOLOGICAL_FAILURE,SAFETY,,Terminated based on safety results from another trial,Eli Lilly,LLY,tasisulam,CHEMBL:CHEMBL2110587,LY573636,,,3.0,Advanced Cancer,11,2010-09,2019-03-18,0,https://clinicaltrials.gov/study/NCT01209832
NCT01239108,"Study of SGI-1776, a PIM Kinase Inhibitor, in Subjects With Relapsed/Refractory Leukemias",PHASE1,WITHDRAWN,BIOLOGICAL_FAILURE,SAFETY,,The dose limiting toxicity of cardiac QTc prolongation was identified and demonstrated unsafe to continue clinical development of this molecule.,"Astex Pharmaceuticals, Inc.",,sgi-1776,CHEMBL:CHEMBL1952329,SGI-1776,Serine/threonine-protein kinase PIM inhibitor,PIM1; PIM2; PIM3,1.0,Relapsed/Refractory Leukemias,0,2010-10,2024-08-02,0,https://clinicaltrials.gov/study/NCT01239108
NCT01244191,"Tivantinib Plus Erlotinib Versus Placebo Plus Erlotinib for the Treatment of Non-squamous, Non-small-cell Lung Cancer",PHASE3,TERMINATED,BIOLOGICAL_FAILURE,EFFICACY_FUTILITY,,Sponsor decision due to the protocol-defined stopping boundary for futility was met based on the interim OS data.,Daiichi Sankyo,,tivantinib,CHEMBL:CHEMBL2103882,ARQ197,Hepatocyte growth factor receptor inhibitor,MET,3.0,"Non Squamous, Non-small-cell Lung Cancer",1048,2011-01-11,2021-04-06,0,https://clinicaltrials.gov/study/NCT01244191
NCT01248858,"Study to Investigate the Safety, Pharmacokinetics, Pharmacodynamics, and Clinical Activity of GSK2126458 and GSK1120212 Combination Therapy in Subjects With Advanced Solid Tumors.",PHASE1,TERMINATED,MIXED_CAUSES,MULTIPLE,SAFETY; EFFICACY_FUTILITY,The reason for termination was lack of tolerability and efficacy of the combination treatment,GSK,GSK,omipalisib,CHEMBL:CHEMBL1236962,GSK2126458,PI3-kinase class I inhibitor; Serine/threonine-protein kinase mTOR inhibitor,MTOR; PIK3CA; PIK3CB; PIK3CD; PIK3CG; PIK3R1; PIK3R2; PIK3R3; PIK3R5,2.0,Cancer,69,2010-12-03,2017-05-09,0,https://clinicaltrials.gov/study/NCT01248858
NCT01268059,"A Study of Carboplatin and Paclitaxel With or Without MEDI-575 in Untreated, Advanced Non-Small Cell Lung Cancer",PHASE1; PHASE2,TERMINATED,BIOLOGICAL_FAILURE,SAFETY,,"In conjunction with the overall risk-benefit assessment, study was terminated prematurely due to safety concerns.",AstraZeneca,AZN,tovetumab,CHEMBL:CHEMBL2364651,MEDI-575,Platelet-derived growth factor receptor alpha inhibitor,PDGFRA,2.0,Non-small Cell Lung Cancer,99,2010-12-16,2020-12-23,0,https://clinicaltrials.gov/study/NCT01268059
NCT01296555,A Dose Escalation Study Evaluating the Safety and Tolerability of GDC-0032 in Participants With Locally Advanced or Metastatic Solid Tumors or Non-Hodgkin's Lymphoma (NHL) and in Combination With Endocrine Therapy in Locally Advanced or Metastatic Hormone Receptor-Positive Breast Cancer,PHASE1,TERMINATED,MIXED_CAUSES,MULTIPLE,EFFICACY_FUTILITY; SAFETY,The Sponsor discontinued the manufacturing and development of taselisib due to modest clinical benefit and limited tolerability.,Roche,,taselisib,CHEMBL:CHEMBL2387080,GDC-0032,PI3-kinase class I inhibitor,PIK3CA; PIK3CB; PIK3CD; PIK3CG; PIK3R1; PIK3R2; PIK3R3; PIK3R5,3.0,Solid Cancers; Non-Hodgkin's Lymphoma,674,2011-03-16,2024-07-31,0,https://clinicaltrials.gov/study/NCT01296555
NCT01318642,Ganitumab in Locally Advanced Unresectable Adenocarcinoma of the Pancreas,PHASE2,TERMINATED,BIOLOGICAL_FAILURE,EFFICACY_FUTILITY,,NCT01318642: Planned independent DMC Interim review: ended for futility,"NantBioScience, Inc.",,ganitumab,CHEMBL:CHEMBL1743024,AMG-479,Insulin-like growth factor I receptor antagonist,IGF1R,3.0,Adenocarcinoma of the Pancreas; Locally Advanced; Unresectable,10,2012-05-31,2024-11-08,0,https://clinicaltrials.gov/study/NCT01318642
NCT01378377,Combination Trial of Pimasertib (MSC1936369B) With Temsirolimus,PHASE1,TERMINATED,BIOLOGICAL_FAILURE,SAFETY,,The trial was stopped due to the toxicities observed with the combination of pimasertib and temsirolimus.,Merck KGaA,MRK,pimasertib,CHEMBL:CHEMBL2107832,MSC1936369B,Dual specificity mitogen-activated protein kinase kinase 1 inhibitor; Dual specificity mitogen-activated protein kinase kinase 2 inhibitor,MAP2K1; MAP2K2,2.0,Advanced Solid Tumor,33,2011-05-27,2018-07-30,0,https://clinicaltrials.gov/study/NCT01378377
NCT01394003,A Study of LY2584702 in Participants With Advanced Cancer,PHASE1,TERMINATED,BIOLOGICAL_FAILURE,BIOLOGICAL_UNSPECIFIED,,The pharmacokinetic properties of the molecule do not allow for further dose escalation or development.,Eli Lilly,LLY,ly-2584702,CHEMBL:CHEMBL3545076,LY2584702,Ribosomal protein S6 kinase 1 inhibitor,RPS6KB1,1.0,Advanced Cancer,34,2008-11,2019-01-18,0,https://clinicaltrials.gov/study/NCT01394003
NCT01400451,Ph I Ipilimumab Vemurafenib Combo in Patients With v-Raf Murine Sarcoma Viral Oncogene Homolog B1 (BRAF),PHASE1,TERMINATED,BIOLOGICAL_FAILURE,SAFETY,,More than 2 of 6 patients treated experienced dose limiting toxicities.,Bristol Myers Squibb,BMY,ipilimumab; vemurafenib,CHEMBL:CHEMBL1229517; CHEMBL:CHEMBL1789844,BMS-734016,Cytotoxic T-lymphocyte protein 4 inhibitor; Serine/threonine-protein kinase B-raf inhibitor,BRAF; CTLA4,4.0,Melanoma,18,2011-11,2015-01-01,0,https://clinicaltrials.gov/study/NCT01400451
NCT01403064,Safety and Efficacy of ALD518 for Reducing Oral Mucositis in Head and Neck Cancer Subjects,PHASE2,TERMINATED,BIOLOGICAL_FAILURE,EFFICACY_FUTILITY,,due to lack of efficacy,CSL Behring,,clazakizumab,CHEMBL:CHEMBL2108589,ALD518,Interleukin-6 inhibitor,IL6,3.0,Oral Mucositis,76,2011-07,2021-05-11,0,https://clinicaltrials.gov/study/NCT01403064
NCT01416181,A Clinical Study of the Efficacy of Natalizumab on Reducing Disability Progression in Participants With Secondary Progressive Multiple Sclerosis,PHASE3,TERMINATED,BIOLOGICAL_FAILURE,EFFICACY_FUTILITY,,The ASCEND Study did not achieve statistical significance on the primary or secondary endpoints.,Biogen,BIIB,natalizumab,CHEMBL:CHEMBL1201607,BG00002,Integrin alpha-4/beta-1 inhibitor; Integrin alpha-4/beta-7 inhibitor,ITGA4; ITGB1; ITGB7,4.0,Secondary Progressive Multiple Sclerosis,889,2011-09-13,2017-09-11,0,https://clinicaltrials.gov/study/NCT01416181
NCT01420081,"A Study Of Two Dual PI3K/mTOR Inhibitors, PF-04691502 And PF-05212384 In Patients With Recurrent Endometrial Cancer",PHASE2,TERMINATED,BIOLOGICAL_FAILURE,EFFICACY_FUTILITY,,See termination reason in detailed description.,Pfizer,PFE,gedatolisib,CHEMBL:CHEMBL592445,PKI-587,PI3-kinase class I inhibitor; Serine/threonine-protein kinase mTOR inhibitor,MTOR; PIK3CA; PIK3CB; PIK3CD; PIK3CG; PIK3R1; PIK3R2; PIK3R3; PIK3R5,3.0,Endometrial Neoplasms,67,2012-01-19,2019-01-08,0,https://clinicaltrials.gov/study/NCT01420081
NCT01482949,A Rollover Protocol for Subjects Previously Treated With AGS-003,PHASE2,TERMINATED,BIOLOGICAL_FAILURE,EFFICACY_FUTILITY,,Lack of efficacy,Argos Therapeutics,,rocapuldencel-t,CHEMBL:CHEMBL3545128,AGS-003,,,3.0,Renal Cell Carcinoma,2,2011-09,2018-06-27,0,https://clinicaltrials.gov/study/NCT01482949
NCT01495247,"Phase Ib/II Trial of BEZ235 With Paclitaxel in Patients With HER2 Negative, Locally Advanced or Metastatic Breast Cancer",PHASE1; PHASE2,TERMINATED,BIOLOGICAL_FAILURE,BIOLOGICAL_UNSPECIFIED,,Study did not meet Phase Ib primary objective to establish the maximum tolerated dose/recommended dose for Phase II,Novartis,NVS,dactolisib,CHEMBL:CHEMBL1879463,BEZ235,PI3-kinase class I inhibitor; Serine/threonine-protein kinase mTOR inhibitor,MTOR; PIK3CA; PIK3CB; PIK3CD; PIK3CG; PIK3R1; PIK3R2; PIK3R3; PIK3R5,3.0,Inoperable Locally Advanced Breast Cancer; Metastatic Breast Cancer (MBC),18,2012-01-30,2020-12-08,0,https://clinicaltrials.gov/study/NCT01495247
NCT01573247,Safety Study of AKN-028 in Patients With Acute Myelogenous Leukemia,PHASE1; PHASE2,TERMINATED,BIOLOGICAL_FAILURE,SAFETY,,During the study two patients have experienced serious liver events related to AKN-028. The risk-benefit balance was judged to be negative.,Akinion Pharmaceuticals AB,,akn-028,CHEMBL:CHEMBL4790100,AKN-028,Tyrosine-protein kinase receptor FLT3 inhibitor,FLT3,2.0,Acute Myeloid Leukemia,25,2011-12,2016-03-25,0,https://clinicaltrials.gov/study/NCT01573247
NCT01582672,Phase 3 Trial of Autologous Dendritic Cell Immunotherapy Plus Standard Treatment of Advanced Renal Cell Carcinoma,PHASE3,TERMINATED,BIOLOGICAL_FAILURE,EFFICACY_FUTILITY,,Lack of efficacy,Argos Therapeutics,,rocapuldencel-t,CHEMBL:CHEMBL3545128,AGS-003,,,3.0,Advanced Renal Cell Carcinoma; Renal Cell Carcinoma; Metastatic Renal Cell Carcinoma,462,2012-11,2018-06-14,0,https://clinicaltrials.gov/study/NCT01582672
NCT01599754,Adjuvant Axitinib Therapy of Renal Cell Cancer in High Risk Patients,PHASE3,TERMINATED,BIOLOGICAL_FAILURE,EFFICACY_FUTILITY,,Primary endpoint did not reach statistical significance,SFJ Pharma Ltd. II,,axitinib,CHEMBL:CHEMBL1289926,,Vascular endothelial growth factor receptor inhibitor,FLT1; FLT4; KDR,4.0,Clear Cell Renal Carcinoma,724,2012-04,2019-09-20,0,https://clinicaltrials.gov/study/NCT01599754
NCT01628913,Efficacy and Safety of BEZ235 Compared to Everolimus in Patients With Advanced Pancreatic Neuroendocrine Tumors,PHASE2,TERMINATED,BIOLOGICAL_FAILURE,EFFICACY_FUTILITY,,This trial was terminated based on an interim analysis as BEZ235 did not demonstrate a progression free survival advantage to everolimus treatment.,Novartis,NVS,dactolisib,CHEMBL:CHEMBL1879463,BEZ235,PI3-kinase class I inhibitor; Serine/threonine-protein kinase mTOR inhibitor,MTOR; PIK3CA; PIK3CB; PIK3CD; PIK3CG; PIK3R1; PIK3R2; PIK3R3; PIK3R5,3.0,Pancreatic Neuroendocrine Tumors (pNET),62,2012-10,2016-04-07,0,https://clinicaltrials.gov/study/NCT01628913
NCT01646125,"An Open-label, Randomized Phase II Study to Evaluate the Efficacy of AUY922 vs Pemetrexed or Docetaxel in NSCLC Patients With EGFR Mutations",PHASE2,TERMINATED,BIOLOGICAL_FAILURE,EFFICACY_FUTILITY,,"An interim analysis was conducted in May-2014. Upon review of the data, the committee recommended study termination due to futility.",Novartis,NVS,luminespib,CHEMBL:CHEMBL252164,AUY922,Heat shock protein HSP90 inhibitor,HSP90AA1; HSP90AB1,2.0,Advanced Non Small Cell Lung Cancer (NSCLC),59,2012-11-23,2019-07-24,0,https://clinicaltrials.gov/study/NCT01646125
NCT01663766,Phase I Study of Milatuzumab for Graft Versus Host Disease,PHASE1,TERMINATED,BIOLOGICAL_FAILURE,EFFICACY_FUTILITY,,"PIs agreed no safety signals were shown, drug did not appear to lessen the risk of preventing GVHD no further patients would be enrolled",Gilead Sciences,GILD,milatuzumab,CHEMBL:CHEMBL1743040,IMMU-115,HLA-DR antigens-associated invariant chain antagonist,CD74,2.0,GVHD (Acute or Chronic); Acute Myeloid or Lymphoblastic Leukemia (AML or ALL); Myelodysplastic Syndrome; Chronic Myelogenous Leukemia (CML); Multiple Myeloma (MM); Non-Hodgekin Lymphoma (NHL-both Follicular & Diffuse Large Cell); Chronic Lymphocytic Leukemia or Small Lymphocytic Leukemia (CLL or SLL),12,2013-12,2021-08-19,0,https://clinicaltrials.gov/study/NCT01663766
NCT01670994,QUILT-3.020: A Study of ALT-801 in Patients With Relapsed or Refractory Multiple Myeloma,PHASE1; PHASE2,TERMINATED,BIOLOGICAL_FAILURE,EFFICACY_FUTILITY,,Patient population did not benefit from single agent treatment.,Altor BioScience,,pemvidutide,CHEMBL:CHEMBL5095142,ALT-801,,,2.0,Relapsed or Refractory Multiple Myeloma,6,2012-08-14,2024-06-18,0,https://clinicaltrials.gov/study/NCT01670994
NCT01697293,"PTX-200, Paclitaxel, Doxorubicin Hydrochloride, and Cyclophosphamide in Treating Patients With Stage IIB-IV Breast Cancer",PHASE1; PHASE2,TERMINATED,BIOLOGICAL_FAILURE,EFFICACY_FUTILITY,,criteria for continuing enrollment in Phase 2 portion was not met,"Prescient Therapeutics, Ltd.",,cyclophosphamide anhydrous; doxorubicin; paclitaxel; triciribine phosphate,CHEMBL:CHEMBL428647; CHEMBL:CHEMBL462018; CHEMBL:CHEMBL53463; CHEMBL:CHEMBL88,FI-106,Alkylating Activity; Serine/threonine-protein kinase AKT inhibitor; Topoisomerase 2 Inhibitors; Tubulin inhibitor,AKT1; AKT2; AKT3; TUBA1A; TUBA1B; TUBA1C; TUBA3C; TUBA3E; TUBA4A; TUBB; TUBB1; TUBB2A; TUBB2B; TUBB3; TUBB4A; TUBB4B; TUBB6; TUBB8,4.0,Breast Adenocarcinoma; Estrogen Receptor Positive; HER2/Neu Negative; Recurrent Breast Carcinoma; Stage IIB Breast Cancer; Stage IIIA Breast Cancer; Stage IIIB Breast Cancer; Stage IIIC Breast Cancer; Stage IV Breast Cancer,34,2012-01,2020-09-24,0,https://clinicaltrials.gov/study/NCT01697293
NCT01798485,A Phase 3 Study of Ganetespib in Combination With Docetaxel Versus Docetaxel Alone in Patients With Advanced NSCLC,PHASE3,TERMINATED,BIOLOGICAL_FAILURE,EFFICACY_FUTILITY,,The study was stopped after the first Interim Analysis due to futility.,Synta Pharmaceuticals Corp.,,ganetespib,CHEMBL:CHEMBL2103879,STA-9090,Heat shock protein HSP90 inhibitor,HSP90AA1; HSP90AB1,3.0,Non-Small-Cell Lung Adenocarcinoma; Non-small Cell Lung Cancer Stage IIIB; Non-small Cell Lung Cancer Stage IV; Non-small Cell Lung Cancer Metastatic,696,2013-04,2016-07-01,0,https://clinicaltrials.gov/study/NCT01798485
NCT01808950,Efficacy and Safety Trial of Topical Resiquimod Gel (0.06%) in Patients With Nodular Basal Cell Carcinoma,PHASE1; PHASE2,TERMINATED,BIOLOGICAL_FAILURE,SAFETY,,safety issues,Spirig Pharma Ltd.,,resiquimod,CHEMBL:CHEMBL383322,,Toll-like receptor 7 agonist; Toll-like receptor 8 agonist,TLR7; TLR8,2.0,Nodular Basal Cell Carcinoma,4,2013-02,2016-06-22,0,https://clinicaltrials.gov/study/NCT01808950
NCT01834235,QUILT-3.010: A Study of Gemcitabine and Nab-paclitaxel With or Without NPC-1C to Treat Patients With Pancreatic Cancer,PHASE1; PHASE2,TERMINATED,BIOLOGICAL_FAILURE,EFFICACY_FUTILITY,,DSMB terminated the trial for futility.,"Precision Biologics, Inc",,ensituximab,CHEMBL:CHEMBL1743013,,Mucin-5AC other,MUC5AC,2.0,"Pancreatic Cancer, Adult",81,2013-04,2025-05-07,0,https://clinicaltrials.gov/study/NCT01834235
NCT01849874,"A Study of MEK162 vs. Physician's Choice Chemotherapy in Patients With Low-grade Serous Ovarian, Fallopian Tube or Peritoneal Cancer",PHASE3,TERMINATED,BIOLOGICAL_FAILURE,EFFICACY_FUTILITY,,"Per recommendation of the DMC, enrollment into the study was discontinued in April 2016 after the planned interim efficacy analysis showed the hazard ratio for PFS crossed the predefined futility boundary.",Pfizer,PFE,binimetinib,CHEMBL:CHEMBL3187723,MEK162,Dual specificity mitogen-activated protein kinase kinase 1 inhibitor; Dual specificity mitogen-activated protein kinase kinase 2 inhibitor,MAP2K1; MAP2K2,4.0,Low-grade Serous Ovarian Cancer; Low-grade Serous Fallopian Tube Cancer; Low-grade Serous Peritoneal Cancer,341,2013-06-27,2023-10-30,0,https://clinicaltrials.gov/study/NCT01849874
NCT01881789,"Oprozomib and Dexamethasone,in Combination With Lenalidomide or Oral Cyclophosphamide to Treat Newly Diagnosed Multiple Myeloma",PHASE1; PHASE2,TERMINATED,BIOLOGICAL_FAILURE,SAFETY,,A program evaluation identified that the safety profile and pharmacokinetic (PK) characteristics of the formulation used in all oprozomib studies required further optimization and thus enrollment in OPZ003 was halted during dose-escalation.,Amgen,AMGN,oprozomib,CHEMBL:CHEMBL2103884,,26S proteasome inhibitor,ADRM1; PSMA1; PSMA2; PSMA3; PSMA4; PSMA5; PSMA6; PSMA7; PSMA8; PSMB1; PSMB10; PSMB11; PSMB2; PSMB3; PSMB4; PSMB5; PSMB6; PSMB7; PSMB8; PSMB9; PSMC1; PSMC2; PSMC3; PSMC4; PSMC5; PSMC6; PSMD1; PSMD11; PSMD12; PSMD13; PSMD14; PSMD2; PSMD3; PSMD4; PSMD6; PSMD7; PSMD8; SEM1,2.0,Multiple Myeloma,22,2013-10-28,2022-11-14,0,https://clinicaltrials.gov/study/NCT01881789
NCT01999335,"A Study of Oprozomib, Pomalidomide, and Dexamethasone in Adults With Primary Refractory or Relapsed and Refractory Multiple Myeloma",PHASE1,TERMINATED,BIOLOGICAL_FAILURE,SAFETY,,A program evaluation identified that the safety profile and pharmacokinetic (PK) characteristics of the formulation used in all oprozomib studies required further optimization and thus enrollment in OPZ007 was halted during dose-expansion.,Amgen,AMGN,oprozomib,CHEMBL:CHEMBL2103884,,26S proteasome inhibitor,ADRM1; PSMA1; PSMA2; PSMA3; PSMA4; PSMA5; PSMA6; PSMA7; PSMA8; PSMB1; PSMB10; PSMB11; PSMB2; PSMB3; PSMB4; PSMB5; PSMB6; PSMB7; PSMB8; PSMB9; PSMC1; PSMC2; PSMC3; PSMC4; PSMC5; PSMC6; PSMD1; PSMD11; PSMD12; PSMD13; PSMD14; PSMD2; PSMD3; PSMD4; PSMD6; PSMD7; PSMD8; SEM1,2.0,Multiple Myeloma,33,2014-07-30,2021-04-27,0,https://clinicaltrials.gov/study/NCT01999335
NCT02120417,A Study of Ruxolitinib in Combination With Capecitabine in Subjects With Advanced or Metastatic HER2-negative Breast Cancer,PHASE2,TERMINATED,BIOLOGICAL_FAILURE,EFFICACY_FUTILITY,,The study was terminated as other related studies of ruxolitinib did not provide sufficient efficacy to warrant continuation.,Incyte,INCY,ruxolitinib,CHEMBL:CHEMBL1789941,,Janus Kinase Inhibitors,,4.0,Breast Cancer,149,2014-05,2018-02-13,0,https://clinicaltrials.gov/study/NCT02120417
NCT02134015,Study of Patritumab in Combination With Erlotinib in Subjects With Locally Advanced or Metastatic Non-Small-Cell Lung Cancer (NSCLC). (HER3-Lung),PHASE3,TERMINATED,BIOLOGICAL_FAILURE,BIOLOGICAL_UNSPECIFIED,,Pre-defined criteria for continuation were not reached,Daiichi Sankyo,,patritumab,CHEMBL:CHEMBL2109406,,Receptor tyrosine-protein kinase erbB-3 inhibitor,ERBB3,3.0,Lung Cancer; Non-small Cell Lung Cancer,145,2014-03,2018-01-23,0,https://clinicaltrials.gov/study/NCT02134015
NCT02291614,A Phase 1 Study of AMG 211 in Participants With Advanced Gastrointestinal Cancer,PHASE1,TERMINATED,MIXED_CAUSES,MULTIPLE,SAFETY; BUSINESS_STRATEGY,The study was terminated because of immunogenicity and business decision.,Amgen,AMGN,medi-565,CHEMBL:CHEMBL2109372,AMG-211; MEDI-565; MT111,Carcinoembryonic antigen-related cell adhesion molecule 5 cross-linking agent; T-cell surface glycoprotein CD3 epsilon chain cross-linking agent,CD3E; CEACAM5,1.0,GI Adenocarcinoma,45,2014-11-27,2021-03-16,0,https://clinicaltrials.gov/study/NCT02291614
NCT02340221,A Study of Taselisib + Fulvestrant Versus Placebo + Fulvestrant in Participants With Advanced or Metastatic Breast Cancer Who Have Disease Recurrence or Progression During or After Aromatase Inhibitor Therapy,PHASE3,TERMINATED,MIXED_CAUSES,MULTIPLE,EFFICACY_FUTILITY; SAFETY,The Sponsor discontinued the manufacturing and development of taselisib due to modest clinical benefit and limited tolerability.,Roche,,taselisib,CHEMBL:CHEMBL2387080,GDC-0032; RO5537381,PI3-kinase class I inhibitor,PIK3CA; PIK3CB; PIK3CD; PIK3CG; PIK3R1; PIK3R2; PIK3R3; PIK3R5,3.0,Breast Cancer,631,2015-04-09,2022-07-12,0,https://clinicaltrials.gov/study/NCT02340221
NCT02365662,A Study Evaluating Safety and Pharmacokinetics of ABBV-221 in Subjects With Advanced Solid Tumor Types Likely to Exhibit Elevated Levels of Epidermal Growth Factor Receptor,PHASE1,TERMINATED,BIOLOGICAL_FAILURE,SAFETY,,Safety,AbbVie,ABBV,losatuxizumab vedotin,CHEMBL:CHEMBL4594515,ABBV-221,Epidermal growth factor receptor binding agent; Tubulin inhibitor,EGFR; TUBA1A; TUBA1B; TUBA1C; TUBA3C; TUBA3E; TUBA4A; TUBB; TUBB1; TUBB2A; TUBB2B; TUBB3; TUBB4A; TUBB4B; TUBB6; TUBB8,2.0,Head and Neck Squamous Cell Carcinoma; Non-small Cell Lung Cancer; Triple Negative Breast Cancer; Colorectal Carcinoma; Glioblastoma Multiforme,46,2015-01-09,2018-03-30,0,https://clinicaltrials.gov/study/NCT02365662
NCT02368691,Efficacy and Safety of GTx-024 in Patients With Androgen Receptor-Positive Triple Negative Breast Cancer (AR+ TNBC),PHASE2,TERMINATED,BIOLOGICAL_FAILURE,EFFICACY_FUTILITY,,Lack of Efficacy,GTx,,enobosarm,CHEMBL:CHEMBL1738889,GTX-024; S-22,Androgen Receptor modulator,AR,3.0,Triple Negative Breast Cancer,32,2015-06,2020-11-18,0,https://clinicaltrials.gov/study/NCT02368691
NCT02449681,Study for Treatment of Patients With Recurrent or Metastatic Squamous Cell Carcinoma of the Head and Neck or Skin,PHASE2,TERMINATED,BIOLOGICAL_FAILURE,EFFICACY_FUTILITY,,Lack of efficacy,Rain Oncology Inc,,tarloxotinib,CHEMBL:CHEMBL4297661,TH-4000,Epidermal growth factor receptor inhibitor,EGFR; ERBB2; ERBB3; ERBB4,2.0,Metastatic Head-and-neck Squamous-cell Carcinoma,30,2015-08,2023-01-12,0,https://clinicaltrials.gov/study/NCT02449681
NCT02450331,A Study of Atezolizumab Versus Observation as Adjuvant Therapy in Participants With High-Risk Muscle-Invasive Urothelial Carcinoma (UC) After Surgical Resection,PHASE3,TERMINATED,BIOLOGICAL_FAILURE,EFFICACY_FUTILITY,,Sponsor decided to terminate the study early because the study did not meet its primary endpoint and because the study had met its goals of providing safety and additional exploratory efficacy information for atezolizumab monotherapy in MIBC.,Roche,,atezolizumab,CHEMBL:CHEMBL3707227,MPDL3280A,Programmed cell death 1 ligand 1 inhibitor,CD274,4.0,"Carcinoma, Transitional Cell",809,2015-10-05,2023-06-18,0,https://clinicaltrials.gov/study/NCT02450331
NCT02452424,A Combination Clinical Study of PLX3397 and Pembrolizumab To Treat Advanced Melanoma and Other Solid Tumors,PHASE1; PHASE2,TERMINATED,BIOLOGICAL_FAILURE,EFFICACY_FUTILITY,,Terminated early for insufficient evidence of clinical efficacy,Daiichi Sankyo,,pembrolizumab; pexidartinib,CHEMBL:CHEMBL3137343; CHEMBL:CHEMBL3813873,MK-3475; PLX3397; SCH-900475,Macrophage colony stimulating factor receptor inhibitor; Programmed cell death protein 1 inhibitor; Stem cell growth factor receptor inhibitor; Tyrosine-protein kinase receptor FLT3 inhibitor,CSF1R; FLT3; KIT; PDCD1,4.0,Melanoma; Non-small Cell Lung Cancer; Squamous Cell Carcinoma of the Head and Neck; Gastrointestinal Stromal Tumor (GIST); Ovarian Cancer,78,2015-07-02,2020-03-05,0,https://clinicaltrials.gov/study/NCT02452424
NCT02452970,RRx-001 in Second Line Treatment of Advanced Cholangiocarcinoma Prior to Readministration of First-Line Therapy,PHASE2,TERMINATED,MIXED_CAUSES,MULTIPLE,SAFETY; RECRUITMENT,Poor enrollment and adverse event experiences in the limited population,"EpicentRx, Inc.",,nibrozetone,CHEMBL:CHEMBL3526802,RRX-001,,,3.0,Cholangiocarcinoma,4,2015-07-16,2024-04-24,0,https://clinicaltrials.gov/study/NCT02452970
NCT02457598,Dose Escalation and Dose Expansion Study of Tirabrutinib in Combination With Other Targeted Anti-cancer Therapies in Adults With B-cell Malignancies,PHASE1,TERMINATED,BIOLOGICAL_FAILURE,EFFICACY_FUTILITY,,The goal of the study was to improve tolerability while maintaining or increasing efficacy. The results of this study showed no efficacy advantage although the combinations were well tolerated.,Gilead Sciences,GILD,entospletinib,CHEMBL:CHEMBL3265032,GS-9973,Tyrosine-protein kinase SYK inhibitor,SYK,3.0,B-cell Malignancies,203,2015-06-16,2025-06-17,0,https://clinicaltrials.gov/study/NCT02457598
NCT02480010,A Study of Pertuzumab in Participants With Prostate Cancer,PHASE2,TERMINATED,BIOLOGICAL_FAILURE,EFFICACY_FUTILITY,,The study was terminated at the time of interim analysis since none of the participants showed a PSA response.,Roche,,pertuzumab,CHEMBL:CHEMBL2007641,,Receptor protein-tyrosine kinase erbB-2 inhibitor,ERBB2,4.0,Prostate Cancer,68,2003-09,2015-09-18,0,https://clinicaltrials.gov/study/NCT02480010
NCT02495233,A Study of ASP2215 in Combination With Erlotinib in Subjects With Epidermal Growth Factor Receptor (EGFR) Activating Mutation-Positive (EGFRm+) Advanced Non-Small-Cell Lung Cancer (NSCLC) Who Have Acquired Resistance to an EGFR Tyrosine Kinase Inhibitor (TKI),PHASE1; PHASE2,TERMINATED,BIOLOGICAL_FAILURE,SAFETY,,Study terminated due to adverse events related to the combination therapy,Astellas Pharma,,erlotinib; gilteritinib,CHEMBL:CHEMBL3301622; CHEMBL:CHEMBL553,,HER1 Antagonists; Tyrosine-protein kinase receptor FLT3 inhibitor; Tyrosine-protein kinase receptor UFO inhibitor,AXL; FLT3,4.0,Non-Small-Cell Lung Cancer,10,2015-09-08,2024-11-27,0,https://clinicaltrials.gov/study/NCT02495233
NCT02629848,Study of Motesanib (AMG 706) in Combination With Paclitaxel and Carboplatin for Advanced Non-Squamous Non-Small Cell Lung Cancer,PHASE3,TERMINATED,BIOLOGICAL_FAILURE,EFFICACY_FUTILITY,,Sponsor decision to terminate the study because the study did not meet the primary endpoint.,Takeda,TAK,motesanib,CHEMBL:CHEMBL572881,AMG-706,Platelet-derived growth factor receptor inhibitor; Stem cell growth factor receptor inhibitor; Tyrosine-protein kinase receptor RET inhibitor; Vascular endothelial growth factor receptor inhibitor,FLT1; FLT4; KDR; KIT; PDGFRA; PDGFRB; RET,3.0,"Carcinoma, Non-Small-Cell Lung",401,2012-07,2015-12-14,0,https://clinicaltrials.gov/study/NCT02629848
NCT02785900,Vadastuximab Talirine (SGN-CD33A; 33A) Combined With Azacitidine or Decitabine in Older Patients With Newly Diagnosed Acute Myeloid Leukemia,PHASE3,TERMINATED,BIOLOGICAL_FAILURE,SAFETY,,"Due to safety; specifically a higher rate of deaths, including fatal infections, in the SGN33A arm versus the control arm",Pfizer,PFE,vadastuximab talirine,CHEMBL:CHEMBL3990021,,,,2.0,Acute Myeloid Leukemia,240,2016-05,2018-12-12,0,https://clinicaltrials.gov/study/NCT02785900
NCT02941601,A Study of Gemcitabine-Carboplatin Plus Necitumumab (LY3012211) in Chemotherapy-Naïve Participants With Locally Advanced or Metastatic Squamous Non-Small Cell Lung Cancer (NSCLC),PHASE2,WITHDRAWN,MIXED_CAUSES,MULTIPLE,BUSINESS_STRATEGY; SAFETY,This was a strategic decision for business planning purposes and not out of concern for patient safety.,Eli Lilly,LLY,carboplatin; gemcitabine; necitumumab,CHEMBL:CHEMBL1351; CHEMBL:CHEMBL1743047; CHEMBL:CHEMBL888,LY188011; LY3012211,DNA inhibitor; Epidermal growth factor receptor erbB1 inhibitor; Nucleic Acid Synthesis Inhibitors,EGFR,4.0,Locally Advanced Squamous Non-Small Cell Lung Cancer; Metastatic Squamous Non-Small Cell Lung Cancer,0,2016-11,2019-09-27,0,https://clinicaltrials.gov/study/NCT02941601
NCT02951156,"Avelumab In Combination Regimens That Include An Immune Agonist, Epigenetic Modulator, CD20 Antagonist and/or Conventional Chemotherapy in Patients With Relapsed or Refractory Diffuse Large B-cell Lymphoma (R/R DLBCL)",PHASE3,TERMINATED,MIXED_CAUSES,MULTIPLE,EFFICACY_FUTILITY; RECRUITMENT; PROTOCOL_FEASIBILITY,Study was terminated due to closure of study arms following futility analysis and difficulty in enrolling participants due to evolving treatment landscape,Pfizer,PFE,utomilumab,CHEMBL:CHEMBL3707324,,Tumor necrosis factor receptor superfamily member 9 agonist,TNFRSF9,3.0,Diffuse Large B-Cell Lymphoma,29,2016-12-16,2020-12-17,0,https://clinicaltrials.gov/study/NCT02951156
NCT02966171,A Dose Escalation Study to Assess the Safety and Tolerability of HMPL-453 in Patients With Advanced Solid Malignancies,PHASE1,TERMINATED,BIOLOGICAL_FAILURE,SAFETY,,The study was terminated on 23AUG2018 for safety reasons.,Hutchison Medipharma Limited,,hmpl-453,CHEMBL:CHEMBL4650297,HMPL-453,Fibroblast growth factor receptor 1 inhibitor; Fibroblast growth factor receptor 2 inhibitor; Fibroblast growth factor receptor 3 inhibitor,FGFR1; FGFR2; FGFR3,2.0,Solid Tumor,14,2017-01,2018-11-21,0,https://clinicaltrials.gov/study/NCT02966171
NCT02984683,Study Evaluating Efficacy and Safety of SAR566658 Treatment in Patients With CA6 Positive Metastatic Triple Negative Breast Cancer,PHASE2,TERMINATED,MIXED_CAUSES,MULTIPLE,EFFICACY_FUTILITY; SAFETY,Study discontinued considering the limited clinical benefit combined with a higher than expected rate of known non-serious ophthalmological event.,Sanofi,SNY,sar-566658,CHEMBL:CHEMBL2109635,ACT14884; SAR566658,Mucin-1 binding agent; Tubulin inhibitor,MUC1; TUBA1A; TUBA1B; TUBA1C; TUBA3C; TUBA3E; TUBA4A; TUBB; TUBB1; TUBB2A; TUBB2B; TUBB3; TUBB4A; TUBB4B; TUBB6; TUBB8,2.0,Triple Negative Breast Cancer,23,2017-03-23,2021-09-08,0,https://clinicaltrials.gov/study/NCT02984683
NCT03037645,"Safety, PK, PD, and Antitumor Activity of Vecabrutinib (SNS-062) in B Lymphoid Cancers",PHASE1; PHASE2,TERMINATED,BIOLOGICAL_FAILURE,EFFICACY_FUTILITY,,"Phase 1b portion completed. Sponsor decided not to proceed with P2 portion of study. Vecabrutinib was very well tolerated, there was insufficient evidence of activity at the doses tested in the Phase 1b to advance to Phase 2.",Sunesis Pharmaceuticals,,vecabrutinib,CHEMBL:CHEMBL4297640,SNS-062,Tyrosine-protein kinase BTK inhibitor,BTK,2.0,Chronic Lymphocytic Leukemia; Small Lymphocytic Lymphoma; Lymphoplasmacytoid Lymphoma; Mantle-Cell Lymphoma; Waldenstrom Macroglobulinemia; Diffuse Large B Cell Lymphoma; Follicular Lymphoma; Marginal Zone Lymphoma,39,2017-04-28,2020-10-19,0,https://clinicaltrials.gov/study/NCT03037645
NCT03125200,Study of ADCT-502 in Patients With Advanced Solid Tumors Withhuman Epidermal Growth Factor Receptor-2 (HER2) Expression,PHASE1,TERMINATED,BIOLOGICAL_FAILURE,SAFETY,,Safety,ADC Therapeutics S.A.,,camidanlumab tesirine,CHEMBL:CHEMBL4297871,ADCT-502,DNA cross-linking agent; Interleukin-2 receptor alpha chain binding agent,IL2RA,2.0,Breast Cancer; Non Small Cell Lung Cancer; GastroEsophageal Cancer; Bladder Cancer,21,2017-05-18,2021-02-01,0,https://clinicaltrials.gov/study/NCT03125200
NCT03135028,Entospletinib (ENTO) as Monotherapy and in Combination With Chemotherapy in Japanese Adults,PHASE1,TERMINATED,BIOLOGICAL_FAILURE,EFFICACY_FUTILITY,,No signal of efficacy with Entospletinib,Gilead Sciences,GILD,entospletinib,CHEMBL:CHEMBL3265032,GS-9973,Tyrosine-protein kinase SYK inhibitor,SYK,3.0,Hematologic Malignancy; Acute Myeloid Leukemia,9,2017-05-19,2020-03-06,0,https://clinicaltrials.gov/study/NCT03135028
NCT03370302,"A Study to Evaluate the Safety, Tolerability, and Pharmacokinetics (PK) of TAK-228 as Single Agent in Adult East Asian Participants With Advanced Nonhematological Malignancies",PHASE1,TERMINATED,BIOLOGICAL_FAILURE,SAFETY,,"More favorable safety profile was observed in QD schedule, therefore further enrollment in QW schedule was terminated.","Calithera Biosciences, Inc",,sapanisertib,CHEMBL:CHEMBL3545097,TAK-228,Serine/threonine-protein kinase mTOR inhibitor,MTOR,2.0,Advanced Nonhematological Neoplasms,28,2018-01-17,2023-02-08,0,https://clinicaltrials.gov/study/NCT03370302
NCT03371381,"An Efficacy and Safety Study of JNJ-64041757, a Live Attenuated Listeria Monocytogenes Immunotherapy, in Combination With Nivolumab Versus Nivolumab Monotherapy in Participants With Advanced Adenocarcinoma of the Lung",PHASE1; PHASE2,TERMINATED,BIOLOGICAL_FAILURE,EFFICACY_FUTILITY,,Development of JNJ-64041757 in combination with nivolumab discontinued due to lack of clinical benefit observed in the Phase 1b portion of the study,Johnson & Johnson,JNJ,pemlimogene merolisbac,CHEMBL:CHEMBL4297241,JNJ-757,,,2.0,Adenocarcinoma of Lung,12,2018-01-02,2025-02-04,0,https://clinicaltrials.gov/study/NCT03371381
NCT03419403,UNITE Study: Understanding New Interventions With GBM ThErapy,PHASE3,TERMINATED,BIOLOGICAL_FAILURE,EFFICACY_FUTILITY,,The study was terminated because clinical development of depatuxizumab mafodotin in glioblastoma was stopped due to lack of survival benefit.,AbbVie,ABBV,Ophthalmic steroid ointment; Steroid eye drops; Vasoconstrictor eye drops; depatuxizumab mafodotin,CHEMBL:CHEMBL3707277,ABT-414,Epidermal growth factor receptor erbB1 binding agent; Tubulin inhibitor,EGFR; TUBA1A; TUBA1B; TUBA1C; TUBA3C; TUBA3E; TUBA4A; TUBB; TUBB1; TUBB2A; TUBB2B; TUBB3; TUBB4A; TUBB4B; TUBB6; TUBB8,3.0,Glioblastoma Multiforme,40,2018-07-30,2021-04-14,0,https://clinicaltrials.gov/study/NCT03419403
NCT03429101,A Study of Poziotinib in Combination With T-DM1 in HER2-Positive Breast Cancer,PHASE1,TERMINATED,BIOLOGICAL_FAILURE,SAFETY,,Dose limiting toxicity,"Spectrum Pharmaceuticals, Inc",,poziotinib,CHEMBL:CHEMBL3545154,,Epidermal growth factor receptor inhibitor,EGFR; ERBB2; ERBB3; ERBB4,3.0,Breast Cancer,6,2018-07-13,2021-01-15,0,https://clinicaltrials.gov/study/NCT03429101
NCT03449030,A Study of TAK-164 in Participants With Advanced Gastrointestinal (GI) Cancer Expressing Guanylyl Cyclase C (GCC),PHASE1,TERMINATED,BIOLOGICAL_FAILURE,EFFICACY_FUTILITY,,Insufficient clinical benefit to participants at the selected recommended phase 2 (RP2D) dose in Part A.,Takeda,TAK,89Zr-TAK-164; tak-164,CHEMBL:CHEMBL4297834,TAK-164,,,1.0,"Gastrointestinal Neoplasms; Esophageal, Stomach, Pancreas, Colon Neoplasms; Malignant Tumors of Digestive Organ; Advanced Gastrointestinal Malignancies",31,2018-04-23,2021-03-22,0,https://clinicaltrials.gov/study/NCT03449030
NCT03592264,A Phase I/II Study of OBI-3424 in Subjects with Advanced Solid Tumors,PHASE1; PHASE2,TERMINATED,BIOLOGICAL_FAILURE,EFFICACY_FUTILITY,,Little evidence of clinical activity in tumor types enrolled,"OBI Pharma, Inc",,obi-3424,CHEMBL:CHEMBL4297474,OBI-3424,DNA cross-linking agent,,2.0,Solid Tumor; Pancreatic Adenocarcinoma,68,2018-07-02,2024-10-15,0,https://clinicaltrials.gov/study/NCT03592264
NCT03616470,Study to Determine the Efficacy of Uproleselan (GMI-1271) in Combination With Chemotherapy to Treat Relapsed/Refractory Acute Myeloid Leukemia,PHASE3,TERMINATED,BIOLOGICAL_FAILURE,EFFICACY_FUTILITY,,Trial failed to meet primary endpoint.,GlycoMimetics Incorporated,,uproleselan,CHEMBL:CHEMBL3989971,,Selectin E antagonist,SELE,3.0,Acute Myeloid Leukemia,388,2018-10-15,2024-07-29,0,https://clinicaltrials.gov/study/NCT03616470
NCT03687125,Tinostamustine Conditioning and Autologous Stem Cell,PHASE1; PHASE2,TERMINATED,BIOLOGICAL_FAILURE,SAFETY,,Sponsor decision based on adverse events limiting administration of higher doses required to achieve myeoblative conditioning necessary in this population,Mundipharma-EDO GmbH,,tinostamustine,CHEMBL:CHEMBL3989941,,,,2.0,Multiple Myeloma in Relapse; Multiple Myeloma Progression; Multiple Myeloma With Failed Remission,6,2018-10-15,2021-06-18,0,https://clinicaltrials.gov/study/NCT03687125
NCT03760666,A Study of Brequinar in Subjects With Relapsed/Refractory Acute Myeloid Leukemia,PHASE1; PHASE2,TERMINATED,MIXED_CAUSES,MULTIPLE,EFFICACY_FUTILITY; EXTERNAL_DISRUPTION,"No efficacy observed, COVID-19 caused sites to shut down","Clear Creek Bio, Inc.",,brequinar,CHEMBL:CHEMBL38434,,Dihydroorotate dehydrogenase inhibitor,DHODH,2.0,Acute Myeloid Leukemia,17,2018-12-20,2022-08-08,0,https://clinicaltrials.gov/study/NCT03760666
NCT03840902,M7824 With cCRT in Unresectable Stage III Non-small Cell Lung Cancer (NSCLC),PHASE2,TERMINATED,BIOLOGICAL_FAILURE,EFFICACY_FUTILITY,,"Based on recommendations by an external Independent data Monitoring Committee (IDMC), Sponsor decided to discontinue this clinical study due to a low likelihood of achieving superiority in the efficacy endpoints versus standard of care.",Merck KGaA,MRK,bintrafusp alfa,CHEMBL:CHEMBL4298024,M7824,Programmed cell death 1 ligand 1 binding agent; Transforming growth factor beta binding agent,CD274; TGFB1; TGFB2; TGFB3,3.0,Non-small Cell Lung Cancer,153,2019-04-16,2024-01-16,0,https://clinicaltrials.gov/study/NCT03840902
NCT03876925,"A Single Arm, Open-label,Phase Ib Study of CT053PTSA in Preciously Treated Patients With Advanced and Metastatic RCC",PHASE1; PHASE2,TERMINATED,BIOLOGICAL_FAILURE,EFFICACY_FUTILITY,,The effect of CT053PTSA in preciously treated patients with advanced and metastatic RCC is not as good as pre-expected,"Sunshine Lake Pharma Co., Ltd.",,ningetinib,CHEMBL:CHEMBL3984441,,Hepatocyte growth factor receptor inhibitor; Proto-oncogene tyrosine-protein kinase MER inhibitor; Tyrosine-protein kinase receptor FLT3 inhibitor; Tyrosine-protein kinase receptor UFO inhibitor; Vascular endothelial growth factor receptor 2 inhibitor,AXL; FLT3; KDR; MERTK; MET,2.0,Renal Cell Cancer Metastatic,10,2018-06-25,2021-03-24,0,https://clinicaltrials.gov/study/NCT03876925
NCT03954704,Study of Dalutrafusp Alfa (Formerly GS-1423) in Participants With Advanced Solid Tumors,PHASE1,TERMINATED,BIOLOGICAL_FAILURE,BIOLOGICAL_UNSPECIFIED,,"The decision to discontinue the study was made based on the totality of the clinical, pharmacokinetic, and pharmacodynamic findings. No safety concerns were observed.",Gilead Sciences,GILD,dalutrafusp alfa; mFOLFOX6 Regimen,CHEMBL:CHEMBL5095272,GS-1423,,,1.0,Advanced Solid Tumors,22,2019-06-03,2023-11-21,0,https://clinicaltrials.gov/study/NCT03954704
NCT04022876,A Study of ALRN-6924 for the Prevention of Chemotherapy-induced Side Effects (Chemoprotection),PHASE1,TERMINATED,BIOLOGICAL_FAILURE,EFFICACY_FUTILITY,,With a favorable safety profile the difference between treatment groups for the primary composite endpoint was not sufficient to generate statistically significant results with the targeted sample size,"Aileron Therapeutics, Inc.",,sulanemadlin,CHEMBL:CHEMBL5095209,ALRN-6924,,,1.0,Non Small Cell Lung Cancer; Small-cell Lung Cancer,35,2019-09-03,2022-10-10,0,https://clinicaltrials.gov/study/NCT04022876
NCT04139317,Safety and Efficacy of Capmatinib (INC280) Plus Pembrolizumab vs Pembrolizumab Alone in NSCLC With PD-L1≥ 50%,PHASE2,TERMINATED,BIOLOGICAL_FAILURE,SAFETY,,Sponsor decision to terminate due to the lack of tolerability observed in patients treated with capmatinib and pembrolizumab in the combination arm as compared to patients treated with pembrolizumab alone in the pembrolizumab single agent arm,Novartis,NVS,capmatinib,CHEMBL:CHEMBL3188267,INC280,Hepatocyte growth factor receptor inhibitor,MET,4.0,Non-small Cell Lung Cancer (NSCLC),76,2020-01-22,2024-10-09,0,https://clinicaltrials.gov/study/NCT04139317
NCT04145700,CAMPFIRE: A Study of Ramucirumab (LY3009806) in Children and Young Adults With Synovial Sarcoma,PHASE1; PHASE2,TERMINATED,BIOLOGICAL_FAILURE,EFFICACY_FUTILITY,,Study terminated for meeting protocol specified futility criteria.,Eli Lilly,LLY,ramucirumab,CHEMBL:CHEMBL1743062,LY3009806,Vascular endothelial growth factor receptor 2 inhibitor,KDR,4.0,Synovial Sarcoma,23,2020-03-04,2023-09-13,0,https://clinicaltrials.gov/study/NCT04145700
NCT04165031,A Study of LY3499446 in Participants With Advanced Solid Tumors With KRAS G12C Mutation,PHASE1; PHASE2,TERMINATED,BIOLOGICAL_FAILURE,SAFETY,,The study was terminated due to an unexpected toxicity finding.,Eli Lilly,LLY,ly-3499446,CHEMBL:CHEMBL5095252,LY3499446,,,1.0,Advanced Solid Tumor; Non-Small Cell Lung Cancer; Colorectal Cancer,5,2019-11-28,2021-11-24,0,https://clinicaltrials.gov/study/NCT04165031
NCT04234113,Study of Nanrilkefusp Alfa Alone and With Pembrolizumab in Adult Patients With Advanced/Metastatic Solid Tumors,PHASE1,TERMINATED,BIOLOGICAL_FAILURE,EFFICACY_FUTILITY,,Due to lack of efficacy shown at the time of the interim analysis.,SOTIO Biotech AG,,nanrilkefusp alfa,CHEMBL:CHEMBL5095385,C101; RLI-15; SOT101,,,2.0,Thyroid Cancer; Renal Cell Carcinoma; Non Small Cell Lung Cancer; Small-cell Lung Cancer; Bladder Cancer; Melanoma; Merkel Cell Carcinoma; Skin Squamous Cell Carcinoma; Microsatellite Instability High; Triple Negative Breast Cancer; Mesothelioma; Thymic Cancer; Cervical Cancer; Biliary Tract Cancer; Hepatocellular Carcinoma; Ovarian Cancer; Gastric Cancer; Head and Neck Squamous Cell Carcinoma; Anal Cancer,115,2019-06-13,2026-03-27,0,https://clinicaltrials.gov/study/NCT04234113
NCT04338269,A Study of Atezolizumab in Combination With Cabozantinib Compared to Cabozantinib Alone in Participants With Advanced Renal Cell Carcinoma After Immune Checkpoint Inhibitor Treatment,PHASE3,TERMINATED,BIOLOGICAL_FAILURE,EFFICACY_FUTILITY,,As the study did not meet it's primary endpoint a decision was made to terminate the study.,Roche,,atezolizumab,CHEMBL:CHEMBL3707227,,Programmed cell death 1 ligand 1 inhibitor,CD274,4.0,"Carcinoma, Renal Cell",522,2020-07-28,2026-03-19,0,https://clinicaltrials.gov/study/NCT04338269
NCT04349280,A Study to Evaluate the Efficacy and Safety of Bintrafusp Alfa (M7824) Monotherapy in Metastatic or Locally Advanced Urothelial Cancer,PHASE1,TERMINATED,BIOLOGICAL_FAILURE,SAFETY,,Primary investigator withdrew the participant due to an SAE,GSK,GSK,bintrafusp alfa,CHEMBL:CHEMBL4298024,,Programmed cell death 1 ligand 1 binding agent; Transforming growth factor beta binding agent,CD274; TGFB1; TGFB2; TGFB3,3.0,Neoplasms,25,2020-10-15,2024-04-18,0,https://clinicaltrials.gov/study/NCT04349280
NCT04421222,Oral EPI-7386 in Patients with Castration-Resistant Prostate Cancer,PHASE1,TERMINATED,BIOLOGICAL_FAILURE,EFFICACY_FUTILITY,,Study was terminated early due to a lack of improved efficacy.,ESSA Pharmaceuticals,,masofaniten,CHEMBL:CHEMBL5095106,EPI-7386,,,2.0,Prostate Cancer,71,2020-06-23,2025-02-28,0,https://clinicaltrials.gov/study/NCT04421222
NCT04476797,Phase I/II Study of SBRT and GC4711 for Centrally Located or Large NSCLC,PHASE1; PHASE2,TERMINATED,BIOLOGICAL_FAILURE,EFFICACY_FUTILITY,,Development GC4711 was halted after the lead study in pancreatic cancer was stopped early due to meeting the requirements of a futility analysis,"Galera Therapeutics, Inc.",,SBRT; rucosopasem manganese,CHEMBL:CHEMBL4650307,GC4711,,,2.0,SBRT; NSCLC; Non-metastatic,47,2020-10-18,2024-04-30,0,https://clinicaltrials.gov/study/NCT04476797
NCT04768881,Safety and Efficacy of Selinexor in Combination With Pembrolizumab in Recurrent Advanced Melanoma,PHASE2,TERMINATED,BIOLOGICAL_FAILURE,EFFICACY_FUTILITY,,The trial was terminated due to a lack of sufficient anti-melanoma tumor signal for the combination of selinexor + pembrolizumab.,Karyopharm Therapeutics Inc,KPTI,pembrolizumab; selinexor,CHEMBL:CHEMBL3137343; CHEMBL:CHEMBL3545185,KPT-330,Exportin-1 inhibitor; Programmed cell death protein 1 inhibitor,PDCD1; XPO1,4.0,Locally Advanced Unresectable or Metastatic Melanoma,15,2021-05-12,2024-08-23,0,https://clinicaltrials.gov/study/NCT04768881
NCT04907227,Study of Pembrolizumab (MK-3475) Plus Docetaxel Versus Placebo Plus Docetaxel in Chemotherapy-naïve Metastatic Castration-resistant Prostate Cancer (mCRPC) (MK-3475-921/KEYNOTE-921)-China Extension,PHASE3,TERMINATED,BIOLOGICAL_FAILURE,EFFICACY_FUTILITY,,The data did not support study endpoints,Merck & Co.,MRK,pembrolizumab,CHEMBL:CHEMBL3137343,MK-3475,Programmed cell death protein 1 inhibitor,PDCD1,4.0,Prostatic Neoplasms,81,2020-09-23,2024-07-12,0,https://clinicaltrials.gov/study/NCT04907227
NCT04933695,A Study of Sotorasib (AMG 510) in Participants With Stage IV NSCLC Whose Tumors Harbor a KRAS p.G12C Mutation in Need of First-line Treatment,PHASE2,TERMINATED,BIOLOGICAL_FAILURE,EFFICACY_FUTILITY,,Futility,Amgen,AMGN,sotorasib,CHEMBL:CHEMBL4535757,AMG-510,GTPase KRas inhibitor,KRAS,4.0,Non-small Cell Lung Cancer,42,2022-01-28,2026-07-13,0,https://clinicaltrials.gov/study/NCT04933695
NCT04952753,Study of NIS793 and Other Novel Investigational Combinations With SOC Anti-cancer Therapy for the 2L Treatment of mCRC,PHASE2,TERMINATED,BIOLOGICAL_FAILURE,SAFETY,,"The study was terminated early due to the halt of NIS793 treatment and urgent safety measures issued in July and August 2023, respectively, as continued evaluation of Standard of Care alone will not support the trial's purpose.",Novartis,NVS,nisevokitug,CHEMBL:CHEMBL4298057,NIS793,,,3.0,Metastatic Colorectal Cancer,204,2021-11-15,2025-03-26,0,https://clinicaltrials.gov/study/NCT04952753
NCT05001724,KN046 Plus Lenvatinib in Subject With Advanced Non-Small Cell Lung Cancer in the Failure of Anti-PD-(L)1 Agent,PHASE2; PHASE3,TERMINATED,BIOLOGICAL_FAILURE,EFFICACY_FUTILITY,,"Because the efficacy data did not meet expectations, the sponsor decided to terminate the study.","Jiangsu Alphamab Biopharmaceuticals Co., Ltd",,erfonrilimab,CHEMBL:CHEMBL4650483,KN046,Cytotoxic T-lymphocyte protein 4 inhibitor; Programmed cell death 1 ligand 1 inhibitor,CD274; CTLA4,3.0,Advanced Non-small Cell Lung Cancer,16,2021-10-28,2023-04-25,0,https://clinicaltrials.gov/study/NCT05001724
NCT05226598,Study of Pembrolizumab/Vibostolimab Coformulation (MK-7684A) in Combination With Chemotherapy Versus Pembrolizumab Plus Chemotherapy in Participants With Metastatic Non-Small Cell Lung Cancer (MK-7684A-007/KEYVIBE-007),PHASE3,TERMINATED,BIOLOGICAL_FAILURE,EFFICACY_FUTILITY,,"MK-7684A-007 was terminated early due to futility. A non-submission CSR, not intended to support any registration, was issued; therefore, an abbreviated CSR was generated.",Merck & Co.,MRK,vibostolimab,CHEMBL:CHEMBL4297785,,T-cell immunoreceptor with Ig and ITIM domains antagonist,TIGIT,3.0,Metastatic Non-Small Cell Lung Cancer,739,2022-03-24,2026-09-11,0,https://clinicaltrials.gov/study/NCT05226598
NCT05256381,A Study of SOT101 in Combination With Pembrolizumab to Evaluate the Efficacy and Safety in Patients With Selected Advanced Solid Tumors,PHASE2,TERMINATED,BIOLOGICAL_FAILURE,EFFICACY_FUTILITY,,Due to lack of expected efficacy shown at the time of the interim analysis,SOTIO Biotech AG,,nanrilkefusp alfa,CHEMBL:CHEMBL5095385,SOT101,,,2.0,Non-Small Cell Lung Cancer; Colorectal Cancer; Cutaneous Squamous Cell Carcinoma; Hepatocellular Carcinoma; Castration-resistant Prostate Cancer; Ovarian Cancer,166,2022-06-21,2025-11-17,0,https://clinicaltrials.gov/study/NCT05256381
NCT05429502,Study of Efficacy and Safety of Ribociclib (LEE011) in Combination With Topotecan and Temozolomide (TOTEM) in Pediatric Patients With Relapsed or Refractory Neuroblastoma and Other Solid Tumors,PHASE1,TERMINATED,BIOLOGICAL_FAILURE,SAFETY,,"Study halted early due to high toxicity risk (from BHLRM model) in combo treatment and inability to identify recommended Phase 2 dose in initial phase (Phase 1-Part A), making continuation to subsequent phases (Phase 1-Part B and Phase 2) unfeasible.",Novartis,NVS,ribociclib; temozolomide; topotecan,CHEMBL:CHEMBL3545110; CHEMBL:CHEMBL810; CHEMBL:CHEMBL84,LEE011,Cyclin-dependent kinase 4 inhibitor; Cyclin-dependent kinase 6 inhibitor; DNA inhibitor; Topoisomerase Inhibitors,CDK4; CDK6,4.0,Neuroblastoma,12,2022-12-27,2025-10-10,0,https://clinicaltrials.gov/study/NCT05429502
NCT05429762,Effect of Tusamitamab Ravtansine on QTc Interval in Participants With Metastatic Solid Tumors,PHASE1,TERMINATED,BIOLOGICAL_FAILURE,EFFICACY_FUTILITY,,Tusamitamab ravtansine clinical development program is discontinued as CARMEN-LC03 trial did not meet dual primary endpoint of improving progression-free survival. The decision is not related to any safety concern.,Sanofi,SNY,tusamitamab ravtansine,CHEMBL:CHEMBL4298098,SAR408701,Carcinoembryonic antigen-related cell adhesion molecule 5 binding agent; Tubulin inhibitor,CEACAM5; TUBA1A; TUBA1B; TUBA1C; TUBA3C; TUBA3E; TUBA4A; TUBB; TUBB1; TUBB2A; TUBB2B; TUBB3; TUBB4A; TUBB4B; TUBB6; TUBB8,3.0,Neoplasm,56,2022-10-03,2025-04-06,0,https://clinicaltrials.gov/study/NCT05429762
NCT05580770,Mirdametinib + BGB-3245 in Advanced Solid Tumors,PHASE1; PHASE2,TERMINATED,BIOLOGICAL_FAILURE,SAFETY,,Lack of tolerability of BGB-3245 (Brimarafenib) when given in combination with Mirdametinib,"SpringWorks Therapeutics, Inc., a healthcare company of Merck KGaA, Darmstadt, Germany",,brimarafenib,CHEMBL:CHEMBL5800160,BGB-3245,,,2.0,Advanced Solid Tumor,23,2023-02-03,2026-08-20,0,https://clinicaltrials.gov/study/NCT05580770
NCT05731947,Evaluation of Revumenib in Participants With Colorectal Cancer and Other Solid Tumors,PHASE1; PHASE2,TERMINATED,BIOLOGICAL_FAILURE,EFFICACY_FUTILITY,,Study was terminated by sponsor after Phase 1b as pre-defined signals of efficacy were not met in the Phase 1b dose expansion cohort.,Syndax Pharmaceuticals,SNDX,revumenib,CHEMBL:CHEMBL4650827,SNDX-5613,Fusion Protein Inhibitors; Methyltransferase Inhibitors,,4.0,Colorectal Cancer; Solid Tumors,41,2023-04-04,2026-07-06,0,https://clinicaltrials.gov/study/NCT05731947
NCT05860296,"Testing Experimental Anti-cancer Drug SLC-391 With an Approved Immunotherapy Drug, Pembrolizumab, for Advanced Lung Cancers",PHASE1; PHASE2,TERMINATED,MIXED_CAUSES,MULTIPLE,EFFICACY_FUTILITY; RECRUITMENT,Lack of efficacy and enrollment challenges,SignalChem Lifesciences Corporation,,slc-391,CHEMBL:CHEMBL5095196,SLC-391,,,1.0,"Lung Cancer, Nonsmall Cell; Lung Cancer Stage IV; Lung Cancer Metastatic",36,2023-05-31,2025-12-18,0,https://clinicaltrials.gov/study/NCT05860296
NCT05983367,A Study to Investigate Ompenaclid Combined With FOLFIRI Plus Bevacizumab in Advanced/Metastatic Colorectal Cancer,PHASE2,TERMINATED,BIOLOGICAL_FAILURE,EFFICACY_FUTILITY,,"At the time of the primary analysis, results did not meet the primary endpoint","Inspirna, Inc.",,ompenaclid,CHEMBL:CHEMBL20489,RGX-202-01,,,2.0,Colorectal Cancer; Metastatic Colon Cancer,76,2023-10-10,2026-02-20,0,https://clinicaltrials.gov/study/NCT05983367
NCT06160609,Platform Sub-study of Belantamab Mafodotin (GSK2857916) in Combination With aOX40 (GSK3174998) in Participants With RRMM,PHASE1; PHASE2,TERMINATED,BIOLOGICAL_FAILURE,EFFICACY_FUTILITY,,The study was terminated due to lack of efficacy.,GSK,GSK,gsk-3174998,CHEMBL:CHEMBL4297968,AOX40; GSK3174998,Tumor necrosis factor receptor superfamily member 4 agonist,TNFRSF4,2.0,Relapsed/Refractory Multiple Myeloma,9,2019-10-07,2024-03-12,0,https://clinicaltrials.gov/study/NCT06160609
NCT07395258,A Study to Test Different Doses of BI 3923948 Alone and in Combination With an Anti-PD-1 Antibody in People With Different Types of Advanced Cancer (Solid Tumors),PHASE1,SUSPENDED,BIOLOGICAL_FAILURE,SAFETY,,Temporary enrolment hold as a precautionary measure following a safety event in a related trial,Boehringer Ingelheim,,BI 3923948; ezabenlimab,CHEMBL:CHEMBL4802172,BI-3923948,,,3.0,Solid Tumors,60,2026-04-02,2026-06-04,0,https://clinicaltrials.gov/study/NCT07395258
