open_targets_label,normalized_text_hash,sample_nct_ids,affected_v2_records,previous_v2_classification,adjudicated_v2_classification,adjudication_status,rationale,reviewed_at
Insufficient_Enrollment,015b84d50121f3c78b6b,NCT07614828;NCT06842589;NCT04023825;NCT05799612;NCT05495815,108,UNRESOLVED/UNRESOLVED_ABBREVIATION_OR_FRAGMENT,NON_FAILURE_TRANSITION/NOT_INITIATED,CHANGE_V2,No participant was enrolled. V2 records the explicit pre-enrollment state without inferring recruitment failure.,2026-08-26
Insufficient_Enrollment,0bb2c7bd8b9ba73cc000,NCT01244711,1,UNRESOLVED/UNRESOLVED_OTHER_AMBIGUOUS_TEXT,UNRESOLVED/UNRESOLVED_OTHER_AMBIGUOUS_TEXT,CONFIRMED_CONSERVATIVE,The source does not state a sufficiently directional causal result; V2 correctly avoids inferring the broader external label.,2026-08-26
Insufficient_Enrollment,20f6b0d76cd15b74a1a1,NCT06705478;NCT06905275,2,UNRESOLVED/UNRESOLVED_PROVISIONAL_OR_FUTURE_PLAN,UNRESOLVED/UNRESOLVED_PROVISIONAL_OR_FUTURE_PLAN,CONFIRMED_CONSERVATIVE,The source does not state a sufficiently directional causal result; V2 correctly avoids inferring the broader external label.,2026-08-26
Insufficient_Enrollment,237d13ac849f67ccb7ba,NCT02390362,1,NON_BIOLOGICAL/FUNDING,NON_BIOLOGICAL/FUNDING,CONFIRMED_TAXONOMY_DIFFERENCE,The source supports V2 NON_BIOLOGICAL/FUNDING; the broader external label reflects a different taxonomy or level of causality.,2026-08-26
Insufficient_Enrollment,2791bd4394efbf10623f,NCT00368641;NCT04185311;NCT05119439;NCT04603365;NCT04442230,8,UNRESOLVED/UNRESOLVED_ABBREVIATION_OR_FRAGMENT,UNRESOLVED/UNRESOLVED_ABBREVIATION_OR_FRAGMENT,CONFIRMED_CONSERVATIVE,The source does not state a sufficiently directional causal result; V2 correctly avoids inferring the broader external label.,2026-08-26
Insufficient_Enrollment,296f2afb13cde9857a85,NCT00315614,1,BIOLOGICAL_FAILURE/EFFICACY_FUTILITY,BIOLOGICAL_FAILURE/EFFICACY_FUTILITY,CONFIRMED_TAXONOMY_DIFFERENCE,The source supports V2 BIOLOGICAL_FAILURE/EFFICACY_FUTILITY; the broader external label reflects a different taxonomy or level of causality.,2026-08-26
Insufficient_Enrollment,361b6298bffc93e19e5c,NCT00577161,1,UNRESOLVED/UNRESOLVED_ABBREVIATION_OR_FRAGMENT,UNRESOLVED/UNRESOLVED_ABBREVIATION_OR_FRAGMENT,CONFIRMED_CONSERVATIVE,The source does not state a sufficiently directional causal result; V2 correctly avoids inferring the broader external label.,2026-08-26
Insufficient_Enrollment,3b3c503601737fb73850,NCT01966341;NCT01654861,2,UNRESOLVED/UNRESOLVED_OTHER_AMBIGUOUS_TEXT,UNRESOLVED/UNRESOLVED_OTHER_AMBIGUOUS_TEXT,CONFIRMED_CONSERVATIVE,The source does not state a sufficiently directional causal result; V2 correctly avoids inferring the broader external label.,2026-08-26
Insufficient_Enrollment,498dc2cb33800d187511,NCT00251589,1,MIXED_CAUSES/MULTIPLE + RECRUITMENT; EFFICACY_FUTILITY,MIXED_CAUSES/MULTIPLE + RECRUITMENT; EFFICACY_FUTILITY; SAFETY,CHANGE_V2,"The text explicitly combines slow accrual, lack of efficacy and tolerability concerns.",2026-08-26
Insufficient_Enrollment,4e7202a1c05985281180,NCT01428219,1,BIOLOGICAL_FAILURE/EFFICACY_FUTILITY,MIXED_CAUSES/MULTIPLE + RECRUITMENT; EFFICACY_FUTILITY,CHANGE_V2,Slowing enrollment and negative Phase III results are both stated as causes.,2026-08-26
Insufficient_Enrollment,597564acc9471d086cca,NCT00379912,1,BIOLOGICAL_FAILURE/EFFICACY_FUTILITY,BIOLOGICAL_FAILURE/EFFICACY_FUTILITY,CONFIRMED_TAXONOMY_DIFFERENCE,The source supports V2 BIOLOGICAL_FAILURE/EFFICACY_FUTILITY; the broader external label reflects a different taxonomy or level of causality.,2026-08-26
Insufficient_Enrollment,5c0e1d1ff9c604aa0e9d,NCT01025232,1,NON_BIOLOGICAL/SUPPLY_MANUFACTURING,NON_BIOLOGICAL/SUPPLY_MANUFACTURING,CONFIRMED_TAXONOMY_DIFFERENCE,The source supports V2 NON_BIOLOGICAL/SUPPLY_MANUFACTURING; the broader external label reflects a different taxonomy or level of causality.,2026-08-26
Insufficient_Enrollment,5e9c069863021fd7b94b,NCT00411372,1,NON_FAILURE_TRANSITION/NOT_INITIATED,NON_FAILURE_TRANSITION/NOT_INITIATED,CONFIRMED_NON_FAILURE,"The source describes a transfer, replacement or planned transition rather than a causal failure in the external label's sense.",2026-08-26
Insufficient_Enrollment,6b0a40d17f4086ecdf88,NCT00913913,1,UNRESOLVED/UNRESOLVED_OTHER_AMBIGUOUS_TEXT,NON_BIOLOGICAL/RECRUITMENT,CHANGE_V2,Low accrual explicitly prevented the site from meeting the statistical endpoints.,2026-08-26
Insufficient_Enrollment,7a0ba7ecc3b7cf8fe906,NCT00388388,1,NON_BIOLOGICAL/FUNDING + SUPPORT_WITHDRAWAL,NON_BIOLOGICAL/FUNDING + SUPPORT_WITHDRAWAL; RECRUITMENT,CHANGE_V2,Sponsor support withdrawal remains primary while the explicitly low recruitment is preserved as a secondary cause.,2026-08-26
Insufficient_Enrollment,7aa53ca0d4248b5d141c,NCT01413087,1,CAUSE_NOT_STATED/DECISION_WITHOUT_STATED_CAUSE,CAUSE_NOT_STATED/DECISION_WITHOUT_STATED_CAUSE,CONFIRMED_CAUSE_NOT_STATED,The source reports an actor decision or program action but does not state the underlying cause required for the external label.,2026-08-26
Insufficient_Enrollment,8033ee7b5127c20f4149,NCT02086240;NCT01191177;NCT01577199,3,UNRESOLVED/UNRESOLVED_ABBREVIATION_OR_FRAGMENT,NON_FAILURE_TRANSITION/NOT_INITIATED,CHANGE_V2,No subject was recruited. V2 records the explicit pre-enrollment state without inferring recruitment failure.,2026-08-26
Insufficient_Enrollment,87c3c04ee99de7a72d4c,NCT00372905,1,MIXED_CAUSES/MULTIPLE + RECRUITMENT; PLANNED_MILESTONE,NON_BIOLOGICAL/RECRUITMENT,CHANGE_V2,The study closed before its accrual goal because of slow accrual; the unmet goal is not a planned milestone completion.,2026-08-26
Insufficient_Enrollment,9788ebb0f3f89ab87c25,NCT00546611,1,UNRESOLVED/UNRESOLVED_ABBREVIATION_OR_FRAGMENT,NON_FAILURE_TRANSITION/NOT_INITIATED,CHANGE_V2,The misspelled source text still explicitly states that enrollment never began.,2026-08-26
Insufficient_Enrollment,99f979be5a52b31631a5,NCT05312645;NCT00792662;NCT03925675;NCT04054752;NCT03779295,14,UNRESOLVED/UNRESOLVED_ABBREVIATION_OR_FRAGMENT,NON_FAILURE_TRANSITION/NOT_INITIATED,CHANGE_V2,No subject was enrolled. V2 records the explicit pre-enrollment state without asserting a recruitment cause.,2026-08-26
Insufficient_Enrollment,9b44b586c2107af8d3e7,NCT00337259,1,MIXED_CAUSES/MULTIPLE + RECRUITMENT; EFFICACY_FUTILITY,MIXED_CAUSES/MULTIPLE + RECRUITMENT; EFFICACY_FUTILITY,CONFIRMED_MIXED,The source states causes from more than one V2 domain; preserving the mixed classification is more specific than a single external label.,2026-08-26
Insufficient_Enrollment,9dc70f1503d65f985dd3,NCT00526799,1,BIOLOGICAL_FAILURE/BIOLOGICAL_UNSPECIFIED,BIOLOGICAL_FAILURE/BIOLOGICAL_UNSPECIFIED,CONFIRMED_TAXONOMY_DIFFERENCE,The source supports V2 BIOLOGICAL_FAILURE/BIOLOGICAL_UNSPECIFIED; the broader external label reflects a different taxonomy or level of causality.,2026-08-26
Insufficient_Enrollment,9ff3988354b080198c12,NCT01163942,1,NON_BIOLOGICAL/SUPPLY_MANUFACTURING,NON_BIOLOGICAL/SUPPLY_MANUFACTURING + RECRUITMENT,CHANGE_V2,Drug production ceased and recruitment was also explicitly too slow.,2026-08-26
Insufficient_Enrollment,a10927a6dcd76345df4a,NCT00420407,1,UNRESOLVED/UNRESOLVED_ABBREVIATION_OR_FRAGMENT,UNRESOLVED/UNRESOLVED_ABBREVIATION_OR_FRAGMENT,CONFIRMED_CONSERVATIVE,The source does not state a sufficiently directional causal result; V2 correctly avoids inferring the broader external label.,2026-08-26
Insufficient_Enrollment,b0422d9b78a1775d8845,NCT00276991,1,NON_BIOLOGICAL/FUNDING,NON_BIOLOGICAL/FUNDING,CONFIRMED_TAXONOMY_DIFFERENCE,The source supports V2 NON_BIOLOGICAL/FUNDING; the broader external label reflects a different taxonomy or level of causality.,2026-08-26
Insufficient_Enrollment,ba1c3affa251f953b22a,NCT00396487,1,UNRESOLVED/UNRESOLVED_OTHER_AMBIGUOUS_TEXT,NON_BIOLOGICAL/RECRUITMENT,CHANGE_V2,"Only one participant was included, an explicit low-accrual condition in the stop-reason field.",2026-08-26
Insufficient_Enrollment,c9ad77940a1d1cbee88a,NCT00550849,1,NON_FAILURE_TRANSITION/PLANNED_MILESTONE,NON_FAILURE_TRANSITION/PLANNED_MILESTONE,CONFIRMED_NON_FAILURE,"The source describes a transfer, replacement or planned transition rather than a causal failure in the external label's sense.",2026-08-26
Insufficient_Enrollment,ca83a8918b852d6d5847,NCT01065545,1,NON_BIOLOGICAL/FUNDING,NON_BIOLOGICAL/FUNDING,CONFIRMED_TAXONOMY_DIFFERENCE,The source supports V2 NON_BIOLOGICAL/FUNDING; the broader external label reflects a different taxonomy or level of causality.,2026-08-26
Insufficient_Enrollment,cdd72bd4b0b12c93eee4,NCT04898348;NCT04067102;NCT02395952;NCT01810237;NCT02215876,6,UNRESOLVED/UNRESOLVED_ABBREVIATION_OR_FRAGMENT,NON_FAILURE_TRANSITION/NOT_INITIATED,CHANGE_V2,No patient was recruited. V2 records the explicit pre-enrollment state without inferring recruitment failure.,2026-08-26
Insufficient_Enrollment,dba9e0c93a0c83f15487,NCT02144688,1,UNRESOLVED/UNRESOLVED_OTHER_AMBIGUOUS_TEXT,UNRESOLVED/UNRESOLVED_OTHER_AMBIGUOUS_TEXT,CONFIRMED_CONSERVATIVE,The source does not state a sufficiently directional causal result; V2 correctly avoids inferring the broader external label.,2026-08-26
Insufficient_Enrollment,dd5c73dd6edd97de6ea2,NCT00669071,1,UNRESOLVED/UNRESOLVED_STATUS_OR_ACTION_WITHOUT_CAUSE,UNRESOLVED/UNRESOLVED_STATUS_OR_ACTION_WITHOUT_CAUSE,CONFIRMED_CONSERVATIVE,The source does not state a sufficiently directional causal result; V2 correctly avoids inferring the broader external label.,2026-08-26
Insufficient_Enrollment,e1311649ab58afd31d5c,NCT00985998,1,UNRESOLVED/UNRESOLVED_ABBREVIATION_OR_FRAGMENT,NON_FAILURE_TRANSITION/NOT_INITIATED,CHANGE_V2,The misspelled source text still explicitly states that enrollment never began.,2026-08-26
Insufficient_Enrollment,e5a368cedc9f0770bff1,NCT01324635,1,UNRESOLVED/UNRESOLVED_OTHER_AMBIGUOUS_TEXT,NON_BIOLOGICAL/RECRUITMENT,CHANGE_V2,Arm B is explicitly described as having poor accrual; Arm A reaching its goal does not negate that stop cause.,2026-08-26
Insufficient_Enrollment,ecc5dc96c1d5ac426c6c,NCT00748579,1,NON_BIOLOGICAL/PROTOCOL_FEASIBILITY,NON_BIOLOGICAL/PROTOCOL_FEASIBILITY + RECRUITMENT,CHANGE_V2,"Trial-design challenges are primary and constraints on enrolling eligible, consenting participants are explicit secondary evidence.",2026-08-26
Negative,01cf526173b0a3e33d31,NCT00804973,1,UNRESOLVED/UNRESOLVED_ANALYSIS_OR_REVIEW_WITHOUT_RESULT,UNRESOLVED/UNRESOLVED_ANALYSIS_OR_REVIEW_WITHOUT_RESULT,CONFIRMED_CONSERVATIVE,The source does not state a sufficiently directional causal result; V2 correctly avoids inferring the broader external label.,2026-08-26
Negative,151e32dbd9cff79f8712,NCT00390026,1,NON_BIOLOGICAL/BUSINESS_STRATEGY,NON_BIOLOGICAL/BUSINESS_STRATEGY,CONFIRMED_TAXONOMY_DIFFERENCE,The source supports V2 NON_BIOLOGICAL/BUSINESS_STRATEGY; the broader external label reflects a different taxonomy or level of causality.,2026-08-26
Negative,20c412d75234baae6c14,NCT00640978,1,MIXED_CAUSES/MULTIPLE + EFFICACY_FUTILITY; SAFETY,MIXED_CAUSES/MULTIPLE + EFFICACY_FUTILITY; SAFETY,CONFIRMED_MIXED,The source states causes from more than one V2 domain; preserving the mixed classification is more specific than a single external label.,2026-08-26
Negative,2279f4a3af647d79170b,NCT00469976,1,CAUSE_NOT_STATED/DECISION_WITHOUT_STATED_CAUSE,CAUSE_NOT_STATED/DECISION_WITHOUT_STATED_CAUSE,CONFIRMED_CAUSE_NOT_STATED,The source reports an actor decision or program action but does not state the underlying cause required for the external label.,2026-08-26
Negative,23dfcf6a1f6b6a8e6e1d,NCT01237678,1,MIXED_CAUSES/MULTIPLE + EFFICACY_FUTILITY; SAFETY,MIXED_CAUSES/MULTIPLE + EFFICACY_FUTILITY; SAFETY,CONFIRMED_MIXED,The source states causes from more than one V2 domain; preserving the mixed classification is more specific than a single external label.,2026-08-26
Negative,281a35c394f3eaded0aa,NCT01675141,1,NON_BIOLOGICAL/STAFFING_RESOURCES,NON_BIOLOGICAL/STAFFING_RESOURCES,CONFIRMED_TAXONOMY_DIFFERENCE,The source supports V2 NON_BIOLOGICAL/STAFFING_RESOURCES; the broader external label reflects a different taxonomy or level of causality.,2026-08-26
Negative,2904e024ea89179c66f2,NCT00786682,1,MIXED_CAUSES/MULTIPLE + EFFICACY_FUTILITY; RECRUITMENT,MIXED_CAUSES/MULTIPLE + EFFICACY_FUTILITY; RECRUITMENT,CONFIRMED_MIXED,The source states causes from more than one V2 domain; preserving the mixed classification is more specific than a single external label.,2026-08-26
Negative,29952183dec5a9675760,NCT02222948;NCT02306811,2,UNRESOLVED/UNRESOLVED_NEGATED_SIGNAL_WITHOUT_AFFIRMATIVE_CAUSE,UNRESOLVED/UNRESOLVED_NEGATED_SIGNAL_WITHOUT_AFFIRMATIVE_CAUSE,CONFIRMED_CONSERVATIVE,The source does not state a sufficiently directional causal result; V2 correctly avoids inferring the broader external label.,2026-08-26
Negative,2ec0df12b367befed812,NCT04746963;NCT04697758;NCT02608229;NCT01611675;NCT01238965,5,BIOLOGICAL_FAILURE/SAFETY,BIOLOGICAL_FAILURE/SAFETY,CONFIRMED_TAXONOMY_DIFFERENCE,The source supports V2 BIOLOGICAL_FAILURE/SAFETY; the broader external label reflects a different taxonomy or level of causality.,2026-08-26
Negative,31217c164dbc4c0de902,NCT00597116,1,UNRESOLVED/UNRESOLVED_OTHER_AMBIGUOUS_TEXT,UNRESOLVED/UNRESOLVED_OTHER_AMBIGUOUS_TEXT,CONFIRMED_CONSERVATIVE,The source does not state a sufficiently directional causal result; V2 correctly avoids inferring the broader external label.,2026-08-26
Negative,34e1e69806d19147de47,NCT00349271,1,NON_BIOLOGICAL/PROTOCOL_FEASIBILITY,NON_BIOLOGICAL/PROTOCOL_FEASIBILITY,CONFIRMED_TAXONOMY_DIFFERENCE,The source supports V2 NON_BIOLOGICAL/PROTOCOL_FEASIBILITY; the broader external label reflects a different taxonomy or level of causality.,2026-08-26
Negative,35a7112930681773cb0b,NCT01374217,1,UNRESOLVED/UNRESOLVED_ABBREVIATION_OR_FRAGMENT,UNRESOLVED/UNRESOLVED_ABBREVIATION_OR_FRAGMENT,CONFIRMED_CONSERVATIVE,The source does not state a sufficiently directional causal result; V2 correctly avoids inferring the broader external label.,2026-08-26
Negative,3efeb3efd87762be1840,NCT01334892,1,NON_BIOLOGICAL/PROTOCOL_FEASIBILITY,NON_BIOLOGICAL/PROTOCOL_FEASIBILITY,CONFIRMED_TAXONOMY_DIFFERENCE,The source supports V2 NON_BIOLOGICAL/PROTOCOL_FEASIBILITY; the broader external label reflects a different taxonomy or level of causality.,2026-08-26
Negative,469fc6abc81a2496042b,NCT01184508,1,BIOLOGICAL_FAILURE/SAFETY,BIOLOGICAL_FAILURE/SAFETY,CONFIRMED_TAXONOMY_DIFFERENCE,The source supports V2 BIOLOGICAL_FAILURE/SAFETY; the broader external label reflects a different taxonomy or level of causality.,2026-08-26
Negative,498dc2cb33800d187511,NCT00251589,1,MIXED_CAUSES/MULTIPLE + RECRUITMENT; EFFICACY_FUTILITY,MIXED_CAUSES/MULTIPLE + RECRUITMENT; EFFICACY_FUTILITY; SAFETY,CHANGE_V2,"The text explicitly combines slow accrual, lack of efficacy and tolerability concerns.",2026-08-26
Negative,5678403dc949c5636412,NCT01918306,1,MIXED_CAUSES/MULTIPLE + EFFICACY_FUTILITY; SAFETY,MIXED_CAUSES/MULTIPLE + EFFICACY_FUTILITY; SAFETY,CONFIRMED_MIXED,The source states causes from more than one V2 domain; preserving the mixed classification is more specific than a single external label.,2026-08-26
Negative,5a9e2cd671fb0230231b,NCT00675922,1,UNRESOLVED/UNRESOLVED_ABBREVIATION_OR_FRAGMENT,UNRESOLVED/UNRESOLVED_ABBREVIATION_OR_FRAGMENT,CONFIRMED_CONSERVATIVE,The source does not state a sufficiently directional causal result; V2 correctly avoids inferring the broader external label.,2026-08-26
Negative,6b27573b8549d81e635c,NCT00015002,1,BIOLOGICAL_FAILURE/SAFETY,BIOLOGICAL_FAILURE/SAFETY,CONFIRMED_TAXONOMY_DIFFERENCE,The source supports V2 BIOLOGICAL_FAILURE/SAFETY; the broader external label reflects a different taxonomy or level of causality.,2026-08-26
Negative,7910523f0bd2cdfb8ce3,NCT00731874,1,BIOLOGICAL_FAILURE/SAFETY,BIOLOGICAL_FAILURE/SAFETY,CONFIRMED_TAXONOMY_DIFFERENCE,The source supports V2 BIOLOGICAL_FAILURE/SAFETY; the broader external label reflects a different taxonomy or level of causality.,2026-08-26
Negative,7b53e16c658fbf3cbb43,NCT00967226,1,BIOLOGICAL_FAILURE/SAFETY,BIOLOGICAL_FAILURE/SAFETY,CONFIRMED_TAXONOMY_DIFFERENCE,The source supports V2 BIOLOGICAL_FAILURE/SAFETY; the broader external label reflects a different taxonomy or level of causality.,2026-08-26
Negative,7b665869fe739c56d54d,NCT02488486,1,UNRESOLVED/UNRESOLVED_ANALYSIS_OR_REVIEW_WITHOUT_RESULT,UNRESOLVED/UNRESOLVED_ANALYSIS_OR_REVIEW_WITHOUT_RESULT,CONFIRMED_CONSERVATIVE,The source does not state a sufficiently directional causal result; V2 correctly avoids inferring the broader external label.,2026-08-26
Negative,7fa245d603d83a83543e,NCT02039219,1,BIOLOGICAL_FAILURE/SAFETY,BIOLOGICAL_FAILURE/SAFETY,CONFIRMED_TAXONOMY_DIFFERENCE,The source supports V2 BIOLOGICAL_FAILURE/SAFETY; the broader external label reflects a different taxonomy or level of causality.,2026-08-26
Negative,82631e49437d24d6a18c,NCT01813643,1,MIXED_CAUSES/MULTIPLE + EFFICACY_FUTILITY; SAFETY,MIXED_CAUSES/MULTIPLE + EFFICACY_FUTILITY; SAFETY,CONFIRMED_MIXED,The source states causes from more than one V2 domain; preserving the mixed classification is more specific than a single external label.,2026-08-26
Negative,88b94eb5b239348610b5,NCT01195974,1,BIOLOGICAL_FAILURE/SAFETY,BIOLOGICAL_FAILURE/SAFETY,CONFIRMED_TAXONOMY_DIFFERENCE,The source supports V2 BIOLOGICAL_FAILURE/SAFETY; the broader external label reflects a different taxonomy or level of causality.,2026-08-26
Negative,97527967a662c9b6c9df,NCT01705483,1,CAUSE_NOT_STATED/PROGRAM_ACTION_WITHOUT_STATED_CAUSE,CAUSE_NOT_STATED/PROGRAM_ACTION_WITHOUT_STATED_CAUSE,CONFIRMED_CAUSE_NOT_STATED,The source reports an actor decision or program action but does not state the underlying cause required for the external label.,2026-08-26
Negative,9b44b586c2107af8d3e7,NCT00337259,1,MIXED_CAUSES/MULTIPLE + RECRUITMENT; EFFICACY_FUTILITY,MIXED_CAUSES/MULTIPLE + RECRUITMENT; EFFICACY_FUTILITY,CONFIRMED_MIXED,The source states causes from more than one V2 domain; preserving the mixed classification is more specific than a single external label.,2026-08-26
Negative,a35a51bd290042a756e0,NCT02232620;NCT02232646,2,NON_BIOLOGICAL/PROTOCOL_FEASIBILITY,NON_BIOLOGICAL/PROTOCOL_FEASIBILITY,CONFIRMED_TAXONOMY_DIFFERENCE,The source supports V2 NON_BIOLOGICAL/PROTOCOL_FEASIBILITY; the broader external label reflects a different taxonomy or level of causality.,2026-08-26
Negative,b1423495abc2e23dbfcf,NCT01318915,1,BIOLOGICAL_FAILURE/SAFETY,BIOLOGICAL_FAILURE/SAFETY,CONFIRMED_TAXONOMY_DIFFERENCE,The source supports V2 BIOLOGICAL_FAILURE/SAFETY; the broader external label reflects a different taxonomy or level of causality.,2026-08-26
Negative,bc27e5037657224e66d2,NCT00300573,1,BIOLOGICAL_FAILURE/SAFETY,MIXED_CAUSES/MULTIPLE + PROTOCOL_FEASIBILITY; SAFETY,CHANGE_V2,The program ended because of combination feasibility and increased hyperlipasemia risk.,2026-08-26
Negative,bfbed6086ff043d70573,NCT02058407,1,MIXED_CAUSES/MULTIPLE + EFFICACY_FUTILITY; SAFETY,MIXED_CAUSES/MULTIPLE + EFFICACY_FUTILITY; SAFETY,CONFIRMED_MIXED,The source states causes from more than one V2 domain; preserving the mixed classification is more specific than a single external label.,2026-08-26
Negative,c561b3df7bcc7f55069d,NCT04511026;NCT02030015;NCT03632109;NCT01062698,4,UNRESOLVED/UNRESOLVED_DOMAIN_MENTION_WITHOUT_DIRECTIONAL_RESULT,UNRESOLVED/UNRESOLVED_DOMAIN_MENTION_WITHOUT_DIRECTIONAL_RESULT,CONFIRMED_CONSERVATIVE,The source does not state a sufficiently directional causal result; V2 correctly avoids inferring the broader external label.,2026-08-26
Negative,ce973d301d46c7d78c5e,NCT00387738,1,NON_BIOLOGICAL/PROTOCOL_FEASIBILITY,NON_BIOLOGICAL/PROTOCOL_FEASIBILITY,CONFIRMED_TAXONOMY_DIFFERENCE,The source supports V2 NON_BIOLOGICAL/PROTOCOL_FEASIBILITY; the broader external label reflects a different taxonomy or level of causality.,2026-08-26
Negative,d6ece1e7df1d9fdad039,NCT00857597,1,UNRESOLVED/UNRESOLVED_ANALYSIS_OR_REVIEW_WITHOUT_RESULT,UNRESOLVED/UNRESOLVED_ANALYSIS_OR_REVIEW_WITHOUT_RESULT,CONFIRMED_CONSERVATIVE,The source does not state a sufficiently directional causal result; V2 correctly avoids inferring the broader external label.,2026-08-26
Negative,dc1a589aafe0cd073746,NCT00281307,1,NON_BIOLOGICAL/PROTOCOL_FEASIBILITY,NON_BIOLOGICAL/PROTOCOL_FEASIBILITY,CONFIRMED_TAXONOMY_DIFFERENCE,The source supports V2 NON_BIOLOGICAL/PROTOCOL_FEASIBILITY; the broader external label reflects a different taxonomy or level of causality.,2026-08-26
Negative,ee002d2ad24a74871569,NCT00743106,1,UNRESOLVED/UNRESOLVED_ANALYSIS_OR_REVIEW_WITHOUT_RESULT,UNRESOLVED/UNRESOLVED_ANALYSIS_OR_REVIEW_WITHOUT_RESULT,CONFIRMED_CONSERVATIVE,The source does not state a sufficiently directional causal result; V2 correctly avoids inferring the broader external label.,2026-08-26
Negative,f068ac5f9d626f037d15,NCT01199367,1,BIOLOGICAL_FAILURE/SAFETY,BIOLOGICAL_FAILURE/SAFETY,CONFIRMED_TAXONOMY_DIFFERENCE,The source supports V2 BIOLOGICAL_FAILURE/SAFETY; the broader external label reflects a different taxonomy or level of causality.,2026-08-26
Negative,fe81ec5e88e086c541b1,NCT00430716,1,UNRESOLVED/UNRESOLVED_NEGATED_SIGNAL_WITHOUT_AFFIRMATIVE_CAUSE,UNRESOLVED/UNRESOLVED_NEGATED_SIGNAL_WITHOUT_AFFIRMATIVE_CAUSE,CONFIRMED_CONSERVATIVE,The source does not state a sufficiently directional causal result; V2 correctly avoids inferring the broader external label.,2026-08-26
Regulatory,18027793d6a44d4b7b97,NCT01168908,1,UNRESOLVED/UNRESOLVED_ANALYSIS_OR_REVIEW_WITHOUT_RESULT,UNRESOLVED/UNRESOLVED_ANALYSIS_OR_REVIEW_WITHOUT_RESULT,CONFIRMED_CONSERVATIVE,The source does not state a sufficiently directional causal result; V2 correctly avoids inferring the broader external label.,2026-08-26
Regulatory,1a5df25e06aed32e9155,NCT00575978,1,UNRESOLVED/UNRESOLVED_ABBREVIATION_OR_FRAGMENT,UNRESOLVED/UNRESOLVED_ABBREVIATION_OR_FRAGMENT,CONFIRMED_CONSERVATIVE,The source does not state a sufficiently directional causal result; V2 correctly avoids inferring the broader external label.,2026-08-26
Regulatory,338daa481204363dbbd8,NCT00816504,1,UNRESOLVED/UNRESOLVED_ABBREVIATION_OR_FRAGMENT,UNRESOLVED/UNRESOLVED_ABBREVIATION_OR_FRAGMENT,CONFIRMED_CONSERVATIVE,The source does not state a sufficiently directional causal result; V2 correctly avoids inferring the broader external label.,2026-08-26
Regulatory,4228a069673c847a5952,NCT02142725;NCT00153777,2,CAUSE_NOT_STATED/DECISION_WITHOUT_STATED_CAUSE,CAUSE_NOT_STATED/DECISION_WITHOUT_STATED_CAUSE,CONFIRMED_CAUSE_NOT_STATED,The source reports an actor decision or program action but does not state the underlying cause required for the external label.,2026-08-26
Regulatory,467046df1454081a0e51,NCT00978146,1,MIXED_CAUSES/MULTIPLE + REGULATORY; RECRUITMENT,NON_BIOLOGICAL/REGULATORY + NOT_INITIATED,CHANGE_V2,IRB withdrawal is the explicit stop action; no enrollment is retained as the study state rather than a recruitment cause.,2026-08-26
Regulatory,5996b21ad06aa63bd4ec,NCT02382523,1,NON_BIOLOGICAL/RECRUITMENT,NON_BIOLOGICAL/RECRUITMENT + REGULATORY,CHANGE_V2,No local enrollment is the substantive cause and the requested IRB closure is retained as a secondary action.,2026-08-26
Regulatory,8d9206f6e363a27864ca,NCT03333746,1,BIOLOGICAL_FAILURE/SAFETY,BIOLOGICAL_FAILURE/SAFETY + REGULATORY,CHANGE_V2,Potential combination toxicities are the medical cause and the FDA recommendation is the secondary regulatory action.,2026-08-26
Regulatory,a20f5db628aeb4346444,NCT03349346,1,MIXED_CAUSES/MULTIPLE + SAFETY; REGULATORY,BIOLOGICAL_FAILURE/SAFETY + REGULATORY,CHANGE_V2,The product-specific waiver was granted because the intervention was likely unsafe; safety is causal and the EMA action is secondary.,2026-08-26
Regulatory,b2c0e6583137bc674200,NCT00971126,1,BIOLOGICAL_FAILURE/SAFETY,BIOLOGICAL_FAILURE/SAFETY,CONFIRMED_TAXONOMY_DIFFERENCE,The source supports V2 BIOLOGICAL_FAILURE/SAFETY; the broader external label reflects a different taxonomy or level of causality.,2026-08-26
Regulatory,c08115831875636bc291,NCT02200562,1,NON_BIOLOGICAL/SUPPORT_WITHDRAWAL,NON_BIOLOGICAL/SUPPORT_WITHDRAWAL,CONFIRMED_TAXONOMY_DIFFERENCE,The source supports V2 NON_BIOLOGICAL/SUPPORT_WITHDRAWAL; the broader external label reflects a different taxonomy or level of causality.,2026-08-26
Regulatory,c5a2ad8d5ae9c6381590,NCT00285051,1,NON_BIOLOGICAL/SUPPLY_MANUFACTURING,NON_BIOLOGICAL/SUPPLY_MANUFACTURING,CONFIRMED_TAXONOMY_DIFFERENCE,The source supports V2 NON_BIOLOGICAL/SUPPLY_MANUFACTURING; the broader external label reflects a different taxonomy or level of causality.,2026-08-26
Regulatory,e38afef6495fd13e322a,NCT02436460,1,NON_FAILURE_TRANSITION/REPLACEMENT_TRANSITION,NON_FAILURE_TRANSITION/REPLACEMENT_TRANSITION,CONFIRMED_NON_FAILURE,"The source describes a transfer, replacement or planned transition rather than a causal failure in the external label's sense.",2026-08-26
Regulatory,fd24f71f776a9f74240a,NCT00958412,1,MIXED_CAUSES/MULTIPLE + SAFETY; REGULATORY,BIOLOGICAL_FAILURE/SAFETY + REGULATORY,CHANGE_V2,Safety is the stated cause and the FDA hold is the resulting secondary regulatory action.,2026-08-26
Regulatory,fff3c27ce2dbe7a30530,NCT02907073,1,UNRESOLVED/UNRESOLVED_ABBREVIATION_OR_FRAGMENT,UNRESOLVED/UNRESOLVED_ABBREVIATION_OR_FRAGMENT,CONFIRMED_CONSERVATIVE,The source does not state a sufficiently directional causal result; V2 correctly avoids inferring the broader external label.,2026-08-26
Safety_Sideeffects,06637e5cd503543026ff,NCT01453595,1,MIXED_CAUSES/MULTIPLE + SAFETY; RECRUITMENT; DECISION_WITHOUT_STATED_CAUSE,MIXED_CAUSES/MULTIPLE + SAFETY; RECRUITMENT; DECISION_WITHOUT_STATED_CAUSE,CONFIRMED_MIXED,The source states causes from more than one V2 domain; preserving the mixed classification is more specific than a single external label.,2026-08-26
Safety_Sideeffects,20c412d75234baae6c14,NCT00640978,1,MIXED_CAUSES/MULTIPLE + EFFICACY_FUTILITY; SAFETY,MIXED_CAUSES/MULTIPLE + EFFICACY_FUTILITY; SAFETY,CONFIRMED_MIXED,The source states causes from more than one V2 domain; preserving the mixed classification is more specific than a single external label.,2026-08-26
Safety_Sideeffects,23dfcf6a1f6b6a8e6e1d,NCT01237678,1,MIXED_CAUSES/MULTIPLE + EFFICACY_FUTILITY; SAFETY,MIXED_CAUSES/MULTIPLE + EFFICACY_FUTILITY; SAFETY,CONFIRMED_MIXED,The source states causes from more than one V2 domain; preserving the mixed classification is more specific than a single external label.,2026-08-26
Safety_Sideeffects,24ad544b48c1e330cbf4,NCT07340853;NCT03402178;NCT03686033,3,UNRESOLVED/UNRESOLVED_ANALYSIS_OR_REVIEW_WITHOUT_RESULT,UNRESOLVED/UNRESOLVED_ANALYSIS_OR_REVIEW_WITHOUT_RESULT,CONFIRMED_CONSERVATIVE,The source does not state a sufficiently directional causal result; V2 correctly avoids inferring the broader external label.,2026-08-26
Safety_Sideeffects,2f329b1f5b46e336a99c,NCT00346151,1,BIOLOGICAL_FAILURE/BIOLOGICAL_UNSPECIFIED,BIOLOGICAL_FAILURE/SAFETY,CHANGE_V2,The acute-rejection stopping threshold is an explicit adverse clinical safety signal.,2026-08-26
Safety_Sideeffects,348481549ec13f3f71f7,NCT04254380,1,NON_BIOLOGICAL/REGULATORY,NON_BIOLOGICAL/REGULATORY,CONFIRMED_TAXONOMY_DIFFERENCE,The source supports V2 NON_BIOLOGICAL/REGULATORY; the broader external label reflects a different taxonomy or level of causality.,2026-08-26
Safety_Sideeffects,3a5ba96a23d2667f4447,NCT00676559,1,UNRESOLVED/UNRESOLVED_OTHER_AMBIGUOUS_TEXT,UNRESOLVED/UNRESOLVED_OTHER_AMBIGUOUS_TEXT,CONFIRMED_CONSERVATIVE,The source does not state a sufficiently directional causal result; V2 correctly avoids inferring the broader external label.,2026-08-26
Safety_Sideeffects,498dc2cb33800d187511,NCT00251589,1,MIXED_CAUSES/MULTIPLE + RECRUITMENT; EFFICACY_FUTILITY,MIXED_CAUSES/MULTIPLE + RECRUITMENT; EFFICACY_FUTILITY; SAFETY,CHANGE_V2,"The text explicitly combines slow accrual, lack of efficacy and tolerability concerns.",2026-08-26
Safety_Sideeffects,51102ba1d0449ed6d9da,NCT00487162,1,BIOLOGICAL_FAILURE/BIOLOGICAL_UNSPECIFIED,BIOLOGICAL_FAILURE/BIOLOGICAL_UNSPECIFIED,CONFIRMED_TAXONOMY_DIFFERENCE,The source supports V2 BIOLOGICAL_FAILURE/BIOLOGICAL_UNSPECIFIED; the broader external label reflects a different taxonomy or level of causality.,2026-08-26
Safety_Sideeffects,5678403dc949c5636412,NCT01918306,1,MIXED_CAUSES/MULTIPLE + EFFICACY_FUTILITY; SAFETY,MIXED_CAUSES/MULTIPLE + EFFICACY_FUTILITY; SAFETY,CONFIRMED_MIXED,The source states causes from more than one V2 domain; preserving the mixed classification is more specific than a single external label.,2026-08-26
Safety_Sideeffects,7ebc226a9aad61a1839c,NCT00352755,1,BIOLOGICAL_FAILURE/BIOLOGICAL_UNSPECIFIED,BIOLOGICAL_FAILURE/BIOLOGICAL_UNSPECIFIED,CONFIRMED_TAXONOMY_DIFFERENCE,The source supports V2 BIOLOGICAL_FAILURE/BIOLOGICAL_UNSPECIFIED; the broader external label reflects a different taxonomy or level of causality.,2026-08-26
Safety_Sideeffects,82631e49437d24d6a18c,NCT01813643,1,MIXED_CAUSES/MULTIPLE + EFFICACY_FUTILITY; SAFETY,MIXED_CAUSES/MULTIPLE + EFFICACY_FUTILITY; SAFETY,CONFIRMED_MIXED,The source states causes from more than one V2 domain; preserving the mixed classification is more specific than a single external label.,2026-08-26
Safety_Sideeffects,a20f5db628aeb4346444,NCT03349346,1,MIXED_CAUSES/MULTIPLE + SAFETY; REGULATORY,BIOLOGICAL_FAILURE/SAFETY + REGULATORY,CHANGE_V2,The product-specific waiver was granted because the intervention was likely unsafe; safety is causal and the EMA action is secondary.,2026-08-26
Safety_Sideeffects,a441b979702185bf307a,NCT02289482,1,MIXED_CAUSES/MULTIPLE + SAFETY; REGULATORY,BIOLOGICAL_FAILURE/SAFETY + REGULATORY,CHANGE_V2,Safety concerns caused the termination and clinical hold; the hold is a secondary regulatory action.,2026-08-26
Safety_Sideeffects,bd6ad6e475b33ab92f8d,NCT01557114,1,MIXED_CAUSES/MULTIPLE + SAFETY; BUSINESS_STRATEGY,MIXED_CAUSES/MULTIPLE + SAFETY; BUSINESS_STRATEGY,CONFIRMED_MIXED,The source states causes from more than one V2 domain; preserving the mixed classification is more specific than a single external label.,2026-08-26
Safety_Sideeffects,cc1b66293e4d29822706,NCT02769130,1,NON_BIOLOGICAL/SUPPLY_MANUFACTURING,NON_BIOLOGICAL/SUPPLY_MANUFACTURING,CONFIRMED_TAXONOMY_DIFFERENCE,The source supports V2 NON_BIOLOGICAL/SUPPLY_MANUFACTURING; the broader external label reflects a different taxonomy or level of causality.,2026-08-26
Safety_Sideeffects,cc29a101f03ffcc21d30,NCT01077531,1,BIOLOGICAL_FAILURE/BIOLOGICAL_UNSPECIFIED,BIOLOGICAL_FAILURE/BIOLOGICAL_UNSPECIFIED,CONFIRMED_TAXONOMY_DIFFERENCE,The source supports V2 BIOLOGICAL_FAILURE/BIOLOGICAL_UNSPECIFIED; the broader external label reflects a different taxonomy or level of causality.,2026-08-26
Safety_Sideeffects,fd24f71f776a9f74240a,NCT00958412,1,MIXED_CAUSES/MULTIPLE + SAFETY; REGULATORY,BIOLOGICAL_FAILURE/SAFETY + REGULATORY,CHANGE_V2,Safety is the stated cause and the FDA hold is the resulting secondary regulatory action.,2026-08-26
Safety_Sideeffects,fdee74bf526242174f93,NCT03232021,1,NON_BIOLOGICAL/RECRUITMENT,NON_BIOLOGICAL/RECRUITMENT,CONFIRMED_TAXONOMY_DIFFERENCE,The source supports V2 NON_BIOLOGICAL/RECRUITMENT; the broader external label reflects a different taxonomy or level of causality.,2026-08-26
Study_Staff_Moved,048dc67fd566febb89e5,NCT00802646,1,NON_FAILURE_TRANSITION/REPLACEMENT_TRANSITION,NON_FAILURE_TRANSITION/REPLACEMENT_TRANSITION,CONFIRMED_NON_FAILURE,"The source describes a transfer, replacement or planned transition rather than a causal failure in the external label's sense.",2026-08-26
Study_Staff_Moved,19044c729013028c9ab3,NCT00218036,1,NON_BIOLOGICAL/RECRUITMENT + FUNDING; STAFFING_RESOURCES; OPERATIONAL_OTHER,NON_BIOLOGICAL/RECRUITMENT + FUNDING; STAFFING_RESOURCES; OPERATIONAL_OTHER,CONFIRMED_SECONDARY,V2 already preserves the external concept as a secondary cause while retaining the more directly stated primary cause.,2026-08-26
Study_Staff_Moved,589a6e2c441c87ff1209,NCT03182933,1,CAUSE_NOT_STATED/DECISION_WITHOUT_STATED_CAUSE,CAUSE_NOT_STATED/DECISION_WITHOUT_STATED_CAUSE,CONFIRMED_CAUSE_NOT_STATED,The source reports an actor decision or program action but does not state the underlying cause required for the external label.,2026-08-26
Study_Staff_Moved,7149e5fb11cea4b40a23,NCT03330119,1,NON_BIOLOGICAL/FUNDING,NON_BIOLOGICAL/FUNDING + STAFFING_RESOURCES,CHANGE_V2,The text explicitly states both missing funding and departure of the resident in charge.,2026-08-26
Study_Staff_Moved,83b3dfdef02cfeffd24a,NCT01508117,1,NON_FAILURE_TRANSITION/REPLACEMENT_TRANSITION,NON_FAILURE_TRANSITION/REPLACEMENT_TRANSITION,CONFIRMED_NON_FAILURE,"The source describes a transfer, replacement or planned transition rather than a causal failure in the external label's sense.",2026-08-26
Study_Staff_Moved,87f19a54e8b72d5f30d4,NCT00128258,1,UNRESOLVED/UNRESOLVED_ABBREVIATION_OR_FRAGMENT,UNRESOLVED/UNRESOLVED_ABBREVIATION_OR_FRAGMENT,CONFIRMED_CONSERVATIVE,The source does not state a sufficiently directional causal result; V2 correctly avoids inferring the broader external label.,2026-08-26
Study_Staff_Moved,9646951836c77c8fecae,NCT00977795,1,NON_FAILURE_TRANSITION/REPLACEMENT_TRANSITION,NON_FAILURE_TRANSITION/REPLACEMENT_TRANSITION,CONFIRMED_NON_FAILURE,"The source describes a transfer, replacement or planned transition rather than a causal failure in the external label's sense.",2026-08-26
Study_Staff_Moved,bc38c2314a9ad154dcc7,NCT02521090,1,NON_BIOLOGICAL/FUNDING + STAFFING_RESOURCES,NON_BIOLOGICAL/FUNDING + STAFFING_RESOURCES,CONFIRMED_SECONDARY,V2 already preserves the external concept as a secondary cause while retaining the more directly stated primary cause.,2026-08-26
Study_Staff_Moved,c3a763c383d19b87c256,NCT02402348,1,NON_BIOLOGICAL/FUNDING + STAFFING_RESOURCES,NON_BIOLOGICAL/FUNDING + STAFFING_RESOURCES,CONFIRMED_SECONDARY,V2 already preserves the external concept as a secondary cause while retaining the more directly stated primary cause.,2026-08-26
Study_Staff_Moved,c783ad9046c7d76770f2,NCT01514357,1,NON_BIOLOGICAL/FUNDING + STAFFING_RESOURCES,NON_BIOLOGICAL/FUNDING + STAFFING_RESOURCES,CONFIRMED_SECONDARY,V2 already preserves the external concept as a secondary cause while retaining the more directly stated primary cause.,2026-08-26
Study_Staff_Moved,cdfe3db0608ab4716f51,NCT01741038,1,NON_FAILURE_TRANSITION/REPLACEMENT_TRANSITION,NON_FAILURE_TRANSITION/REPLACEMENT_TRANSITION,CONFIRMED_NON_FAILURE,"The source describes a transfer, replacement or planned transition rather than a causal failure in the external label's sense.",2026-08-26
