open_targets_label,normalized_text_hash,sample_nct_ids,our_classifications,matching_our_records
Insufficient_Enrollment,015b84d50121f3c78b6b,NCT07614828;NCT06842589;NCT04023825;NCT05799612;NCT05495815,UNRESOLVED/UNRESOLVED_ABBREVIATION_OR_FRAGMENT,108
Insufficient_Enrollment,0bb2c7bd8b9ba73cc000,NCT01244711,UNRESOLVED/UNRESOLVED_OTHER_AMBIGUOUS_TEXT,1
Insufficient_Enrollment,20f6b0d76cd15b74a1a1,NCT06705478;NCT06905275,UNRESOLVED/UNRESOLVED_PROVISIONAL_OR_FUTURE_PLAN,2
Insufficient_Enrollment,237d13ac849f67ccb7ba,NCT02390362,NON_BIOLOGICAL/FUNDING,1
Insufficient_Enrollment,2791bd4394efbf10623f,NCT00368641;NCT04185311;NCT05119439;NCT04603365;NCT04442230,UNRESOLVED/UNRESOLVED_ABBREVIATION_OR_FRAGMENT,8
Insufficient_Enrollment,296f2afb13cde9857a85,NCT00315614,BIOLOGICAL_FAILURE/EFFICACY_FUTILITY,1
Insufficient_Enrollment,361b6298bffc93e19e5c,NCT00577161,UNRESOLVED/UNRESOLVED_ABBREVIATION_OR_FRAGMENT,1
Insufficient_Enrollment,3b3c503601737fb73850,NCT01966341;NCT01654861,UNRESOLVED/UNRESOLVED_OTHER_AMBIGUOUS_TEXT,2
Insufficient_Enrollment,498dc2cb33800d187511,NCT00251589,MIXED_CAUSES/MULTIPLE,1
Insufficient_Enrollment,4e7202a1c05985281180,NCT01428219,BIOLOGICAL_FAILURE/EFFICACY_FUTILITY,1
Insufficient_Enrollment,597564acc9471d086cca,NCT00379912,BIOLOGICAL_FAILURE/EFFICACY_FUTILITY,1
Insufficient_Enrollment,5c0e1d1ff9c604aa0e9d,NCT01025232,NON_BIOLOGICAL/SUPPLY_MANUFACTURING,1
Insufficient_Enrollment,5e9c069863021fd7b94b,NCT00411372,NON_FAILURE_TRANSITION/NOT_INITIATED,1
Insufficient_Enrollment,6b0a40d17f4086ecdf88,NCT00913913,UNRESOLVED/UNRESOLVED_OTHER_AMBIGUOUS_TEXT,1
Insufficient_Enrollment,7a0ba7ecc3b7cf8fe906,NCT00388388,NON_BIOLOGICAL/FUNDING,1
Insufficient_Enrollment,7aa53ca0d4248b5d141c,NCT01413087,CAUSE_NOT_STATED/DECISION_WITHOUT_STATED_CAUSE,1
Insufficient_Enrollment,8033ee7b5127c20f4149,NCT02086240;NCT01191177;NCT01577199,UNRESOLVED/UNRESOLVED_ABBREVIATION_OR_FRAGMENT,3
Insufficient_Enrollment,87c3c04ee99de7a72d4c,NCT00372905,MIXED_CAUSES/MULTIPLE,1
Insufficient_Enrollment,9788ebb0f3f89ab87c25,NCT00546611,UNRESOLVED/UNRESOLVED_ABBREVIATION_OR_FRAGMENT,1
Insufficient_Enrollment,99f979be5a52b31631a5,NCT05312645;NCT00792662;NCT03925675;NCT04054752;NCT03779295,UNRESOLVED/UNRESOLVED_ABBREVIATION_OR_FRAGMENT,14
Insufficient_Enrollment,9b44b586c2107af8d3e7,NCT00337259,MIXED_CAUSES/MULTIPLE,1
Insufficient_Enrollment,9dc70f1503d65f985dd3,NCT00526799,BIOLOGICAL_FAILURE/BIOLOGICAL_UNSPECIFIED,1
Insufficient_Enrollment,9ff3988354b080198c12,NCT01163942,NON_BIOLOGICAL/SUPPLY_MANUFACTURING,1
Insufficient_Enrollment,a10927a6dcd76345df4a,NCT00420407,UNRESOLVED/UNRESOLVED_ABBREVIATION_OR_FRAGMENT,1
Insufficient_Enrollment,b0422d9b78a1775d8845,NCT00276991,NON_BIOLOGICAL/FUNDING,1
Insufficient_Enrollment,ba1c3affa251f953b22a,NCT00396487,UNRESOLVED/UNRESOLVED_OTHER_AMBIGUOUS_TEXT,1
Insufficient_Enrollment,c9ad77940a1d1cbee88a,NCT00550849,NON_FAILURE_TRANSITION/PLANNED_MILESTONE,1
Insufficient_Enrollment,ca83a8918b852d6d5847,NCT01065545,NON_BIOLOGICAL/FUNDING,1
Insufficient_Enrollment,cdd72bd4b0b12c93eee4,NCT04898348;NCT04067102;NCT02395952;NCT01810237;NCT02215876,UNRESOLVED/UNRESOLVED_ABBREVIATION_OR_FRAGMENT,6
Insufficient_Enrollment,dba9e0c93a0c83f15487,NCT02144688,UNRESOLVED/UNRESOLVED_OTHER_AMBIGUOUS_TEXT,1
Insufficient_Enrollment,dd5c73dd6edd97de6ea2,NCT00669071,UNRESOLVED/UNRESOLVED_STATUS_OR_ACTION_WITHOUT_CAUSE,1
Insufficient_Enrollment,e1311649ab58afd31d5c,NCT00985998,UNRESOLVED/UNRESOLVED_ABBREVIATION_OR_FRAGMENT,1
Insufficient_Enrollment,e5a368cedc9f0770bff1,NCT01324635,UNRESOLVED/UNRESOLVED_OTHER_AMBIGUOUS_TEXT,1
Insufficient_Enrollment,ecc5dc96c1d5ac426c6c,NCT00748579,NON_BIOLOGICAL/PROTOCOL_FEASIBILITY,1
Negative,01cf526173b0a3e33d31,NCT00804973,UNRESOLVED/UNRESOLVED_ANALYSIS_OR_REVIEW_WITHOUT_RESULT,1
Negative,151e32dbd9cff79f8712,NCT00390026,NON_BIOLOGICAL/BUSINESS_STRATEGY,1
Negative,20c412d75234baae6c14,NCT00640978,MIXED_CAUSES/MULTIPLE,1
Negative,2279f4a3af647d79170b,NCT00469976,CAUSE_NOT_STATED/DECISION_WITHOUT_STATED_CAUSE,1
Negative,23dfcf6a1f6b6a8e6e1d,NCT01237678,MIXED_CAUSES/MULTIPLE,1
Negative,281a35c394f3eaded0aa,NCT01675141,NON_BIOLOGICAL/STAFFING_RESOURCES,1
Negative,2904e024ea89179c66f2,NCT00786682,MIXED_CAUSES/MULTIPLE,1
Negative,29952183dec5a9675760,NCT02222948;NCT02306811,UNRESOLVED/UNRESOLVED_NEGATED_SIGNAL_WITHOUT_AFFIRMATIVE_CAUSE,2
Negative,2ec0df12b367befed812,NCT04746963;NCT04697758;NCT02608229;NCT01611675;NCT01238965,BIOLOGICAL_FAILURE/SAFETY,5
Negative,31217c164dbc4c0de902,NCT00597116,UNRESOLVED/UNRESOLVED_OTHER_AMBIGUOUS_TEXT,1
Negative,34e1e69806d19147de47,NCT00349271,NON_BIOLOGICAL/PROTOCOL_FEASIBILITY,1
Negative,35a7112930681773cb0b,NCT01374217,UNRESOLVED/UNRESOLVED_ABBREVIATION_OR_FRAGMENT,1
Negative,3efeb3efd87762be1840,NCT01334892,NON_BIOLOGICAL/PROTOCOL_FEASIBILITY,1
Negative,469fc6abc81a2496042b,NCT01184508,BIOLOGICAL_FAILURE/SAFETY,1
Negative,498dc2cb33800d187511,NCT00251589,MIXED_CAUSES/MULTIPLE,1
Negative,5678403dc949c5636412,NCT01918306,MIXED_CAUSES/MULTIPLE,1
Negative,5a9e2cd671fb0230231b,NCT00675922,UNRESOLVED/UNRESOLVED_ABBREVIATION_OR_FRAGMENT,1
Negative,6b27573b8549d81e635c,NCT00015002,BIOLOGICAL_FAILURE/SAFETY,1
Negative,7910523f0bd2cdfb8ce3,NCT00731874,BIOLOGICAL_FAILURE/SAFETY,1
Negative,7b53e16c658fbf3cbb43,NCT00967226,BIOLOGICAL_FAILURE/SAFETY,1
Negative,7b665869fe739c56d54d,NCT02488486,UNRESOLVED/UNRESOLVED_ANALYSIS_OR_REVIEW_WITHOUT_RESULT,1
Negative,7fa245d603d83a83543e,NCT02039219,BIOLOGICAL_FAILURE/SAFETY,1
Negative,82631e49437d24d6a18c,NCT01813643,MIXED_CAUSES/MULTIPLE,1
Negative,88b94eb5b239348610b5,NCT01195974,BIOLOGICAL_FAILURE/SAFETY,1
Negative,97527967a662c9b6c9df,NCT01705483,CAUSE_NOT_STATED/PROGRAM_ACTION_WITHOUT_STATED_CAUSE,1
Negative,9b44b586c2107af8d3e7,NCT00337259,MIXED_CAUSES/MULTIPLE,1
Negative,a35a51bd290042a756e0,NCT02232620;NCT02232646,NON_BIOLOGICAL/PROTOCOL_FEASIBILITY,2
Negative,b1423495abc2e23dbfcf,NCT01318915,BIOLOGICAL_FAILURE/SAFETY,1
Negative,bc27e5037657224e66d2,NCT00300573,BIOLOGICAL_FAILURE/SAFETY,1
Negative,bfbed6086ff043d70573,NCT02058407,MIXED_CAUSES/MULTIPLE,1
Negative,c561b3df7bcc7f55069d,NCT04511026;NCT02030015;NCT03632109;NCT01062698,UNRESOLVED/UNRESOLVED_DOMAIN_MENTION_WITHOUT_DIRECTIONAL_RESULT,4
Negative,ce973d301d46c7d78c5e,NCT00387738,NON_BIOLOGICAL/PROTOCOL_FEASIBILITY,1
Negative,d6ece1e7df1d9fdad039,NCT00857597,UNRESOLVED/UNRESOLVED_ANALYSIS_OR_REVIEW_WITHOUT_RESULT,1
Negative,dc1a589aafe0cd073746,NCT00281307,NON_BIOLOGICAL/PROTOCOL_FEASIBILITY,1
Negative,ee002d2ad24a74871569,NCT00743106,UNRESOLVED/UNRESOLVED_ANALYSIS_OR_REVIEW_WITHOUT_RESULT,1
Negative,f068ac5f9d626f037d15,NCT01199367,BIOLOGICAL_FAILURE/SAFETY,1
Negative,fe81ec5e88e086c541b1,NCT00430716,UNRESOLVED/UNRESOLVED_NEGATED_SIGNAL_WITHOUT_AFFIRMATIVE_CAUSE,1
Regulatory,18027793d6a44d4b7b97,NCT01168908,UNRESOLVED/UNRESOLVED_ANALYSIS_OR_REVIEW_WITHOUT_RESULT,1
Regulatory,1a5df25e06aed32e9155,NCT00575978,UNRESOLVED/UNRESOLVED_ABBREVIATION_OR_FRAGMENT,1
Regulatory,338daa481204363dbbd8,NCT00816504,UNRESOLVED/UNRESOLVED_ABBREVIATION_OR_FRAGMENT,1
Regulatory,4228a069673c847a5952,NCT02142725;NCT00153777,CAUSE_NOT_STATED/DECISION_WITHOUT_STATED_CAUSE,2
Regulatory,467046df1454081a0e51,NCT00978146,MIXED_CAUSES/MULTIPLE,1
Regulatory,5996b21ad06aa63bd4ec,NCT02382523,NON_BIOLOGICAL/RECRUITMENT,1
Regulatory,8d9206f6e363a27864ca,NCT03333746,BIOLOGICAL_FAILURE/SAFETY,1
Regulatory,a20f5db628aeb4346444,NCT03349346,MIXED_CAUSES/MULTIPLE,1
Regulatory,b2c0e6583137bc674200,NCT00971126,BIOLOGICAL_FAILURE/SAFETY,1
Regulatory,c08115831875636bc291,NCT02200562,NON_BIOLOGICAL/SUPPORT_WITHDRAWAL,1
Regulatory,c5a2ad8d5ae9c6381590,NCT00285051,NON_BIOLOGICAL/SUPPLY_MANUFACTURING,1
Regulatory,e38afef6495fd13e322a,NCT02436460,NON_FAILURE_TRANSITION/REPLACEMENT_TRANSITION,1
Regulatory,fd24f71f776a9f74240a,NCT00958412,MIXED_CAUSES/MULTIPLE,1
Regulatory,fff3c27ce2dbe7a30530,NCT02907073,UNRESOLVED/UNRESOLVED_ABBREVIATION_OR_FRAGMENT,1
Safety_Sideeffects,06637e5cd503543026ff,NCT01453595,MIXED_CAUSES/MULTIPLE,1
Safety_Sideeffects,20c412d75234baae6c14,NCT00640978,MIXED_CAUSES/MULTIPLE,1
Safety_Sideeffects,23dfcf6a1f6b6a8e6e1d,NCT01237678,MIXED_CAUSES/MULTIPLE,1
Safety_Sideeffects,24ad544b48c1e330cbf4,NCT07340853;NCT03402178;NCT03686033,UNRESOLVED/UNRESOLVED_ANALYSIS_OR_REVIEW_WITHOUT_RESULT,3
Safety_Sideeffects,2f329b1f5b46e336a99c,NCT00346151,BIOLOGICAL_FAILURE/BIOLOGICAL_UNSPECIFIED,1
Safety_Sideeffects,348481549ec13f3f71f7,NCT04254380,NON_BIOLOGICAL/REGULATORY,1
Safety_Sideeffects,3a5ba96a23d2667f4447,NCT00676559,UNRESOLVED/UNRESOLVED_OTHER_AMBIGUOUS_TEXT,1
Safety_Sideeffects,498dc2cb33800d187511,NCT00251589,MIXED_CAUSES/MULTIPLE,1
Safety_Sideeffects,51102ba1d0449ed6d9da,NCT00487162,BIOLOGICAL_FAILURE/BIOLOGICAL_UNSPECIFIED,1
Safety_Sideeffects,5678403dc949c5636412,NCT01918306,MIXED_CAUSES/MULTIPLE,1
Safety_Sideeffects,7ebc226a9aad61a1839c,NCT00352755,BIOLOGICAL_FAILURE/BIOLOGICAL_UNSPECIFIED,1
Safety_Sideeffects,82631e49437d24d6a18c,NCT01813643,MIXED_CAUSES/MULTIPLE,1
Safety_Sideeffects,a20f5db628aeb4346444,NCT03349346,MIXED_CAUSES/MULTIPLE,1
Safety_Sideeffects,a441b979702185bf307a,NCT02289482,MIXED_CAUSES/MULTIPLE,1
Safety_Sideeffects,bd6ad6e475b33ab92f8d,NCT01557114,MIXED_CAUSES/MULTIPLE,1
Safety_Sideeffects,cc1b66293e4d29822706,NCT02769130,NON_BIOLOGICAL/SUPPLY_MANUFACTURING,1
Safety_Sideeffects,cc29a101f03ffcc21d30,NCT01077531,BIOLOGICAL_FAILURE/BIOLOGICAL_UNSPECIFIED,1
Safety_Sideeffects,fd24f71f776a9f74240a,NCT00958412,MIXED_CAUSES/MULTIPLE,1
Safety_Sideeffects,fdee74bf526242174f93,NCT03232021,NON_BIOLOGICAL/RECRUITMENT,1
Study_Staff_Moved,048dc67fd566febb89e5,NCT00802646,NON_FAILURE_TRANSITION/REPLACEMENT_TRANSITION,1
Study_Staff_Moved,19044c729013028c9ab3,NCT00218036,NON_BIOLOGICAL/RECRUITMENT,1
Study_Staff_Moved,589a6e2c441c87ff1209,NCT03182933,CAUSE_NOT_STATED/DECISION_WITHOUT_STATED_CAUSE,1
Study_Staff_Moved,7149e5fb11cea4b40a23,NCT03330119,NON_BIOLOGICAL/FUNDING,1
Study_Staff_Moved,83b3dfdef02cfeffd24a,NCT01508117,NON_FAILURE_TRANSITION/REPLACEMENT_TRANSITION,1
Study_Staff_Moved,87f19a54e8b72d5f30d4,NCT00128258,UNRESOLVED/UNRESOLVED_ABBREVIATION_OR_FRAGMENT,1
Study_Staff_Moved,9646951836c77c8fecae,NCT00977795,NON_FAILURE_TRANSITION/REPLACEMENT_TRANSITION,1
Study_Staff_Moved,bc38c2314a9ad154dcc7,NCT02521090,NON_BIOLOGICAL/FUNDING,1
Study_Staff_Moved,c3a763c383d19b87c256,NCT02402348,NON_BIOLOGICAL/FUNDING,1
Study_Staff_Moved,c783ad9046c7d76770f2,NCT01514357,NON_BIOLOGICAL/FUNDING,1
Study_Staff_Moved,cdfe3db0608ab4716f51,NCT01741038,NON_FAILURE_TRANSITION/REPLACEMENT_TRANSITION,1
