url_id,url,page_type,role,approved_decision,decision_reason,protected,reviewer,reviewed_at,decision_version,replacement_url
url_b5a55b627239,https://clinicaltrialfailures.com/failures/ophthalmology,failure_hub,pilot,KEEP_INDEX,"Existing recovery pilot has a distinct cohort analysis, self-canonical indexable output, crawlable evidence links, and explicit automated guardrails",true,Luna,2026-10-06,luna-approval-v1,
url_3a0305eca2b6,https://clinicaltrialfailures.com/failures/cardiovascular,failure_hub,control,REVIEW_HOLD,"Fixed comparison page; preserve the last valid behavior and do not apply the Ophthalmology template change",true,Luna,2026-10-06,luna-approval-v1,
url_b538ebe97260,https://clinicaltrialfailures.com/failures/dermatology,failure_hub,control,REVIEW_HOLD,"Fixed comparison page; preserve the last valid behavior and do not apply the Ophthalmology template change",true,Luna,2026-10-06,luna-approval-v1,
url_c7f8a25cd1b3,https://clinicaltrialfailures.com/failures/neurology,failure_hub,control,REVIEW_HOLD,"Fixed comparison page; preserve the last valid behavior and do not apply the Ophthalmology template change",true,Luna,2026-10-06,luna-approval-v1,
url_68747df4b6f0,https://clinicaltrialfailures.com/failures/gastroenterology-and-hepatology,failure_hub,control,REVIEW_HOLD,"Fixed comparison page; preserve the last valid behavior and do not apply the Ophthalmology template change",true,Luna,2026-10-06,luna-approval-v1,
url_237188ec809c,https://clinicaltrialfailures.com/failures/infectious-disease,failure_hub,control,REVIEW_HOLD,"Fixed comparison page; preserve the last valid behavior and do not apply the Ophthalmology template change",true,Luna,2026-10-06,luna-approval-v1,
url_e29524f5a7fc,https://clinicaltrialfailures.com/failures/hematology-non-onc,failure_hub,watch,REVIEW_HOLD,"Potential later recovery candidate with 776 measured impressions; no change until a dedicated content review is complete",true,Luna,2026-10-06,luna-approval-v1,
url_19971b907d8d,https://clinicaltrialfailures.com/failures/respiratory,failure_hub,watch,REVIEW_HOLD,"Potential later recovery candidate with 400 measured impressions and 2 clicks; no change until a dedicated content review is complete",true,Luna,2026-10-06,luna-approval-v1,
url_aa3aee033e8f,https://clinicaltrialfailures.com/,home,protected,REVIEW_HOLD,"Protected entry point with measured clicks; no indexability change is in scope for the pilot",true,Luna,2026-10-06,luna-approval-v1,
url_49541cd9486a,https://clinicaltrialfailures.com/trial/NCT03940690-interest-of-intravitreal-injections-of-anti-vegf-as-initial-and-adjuvant-treatme,trial,protected_reference,REVIEW_HOLD,"High-impression reference trial; preserve current behavior pending URL inspection and a complete protection-data review",true,Luna,2026-10-06,luna-approval-v1,
