"nct_id","url","in_sitemap","current_legacy_indexable","resolved_indexable","final_outcome","final_category","classification_source","decision_status","review_note"
"NCT02354014","https://clinicaltrialfailures.com/trial/NCT02354014-pharmacokinetic-study-to-evaluate-anti-mycobacterial-activity-of-tmc207-in-combi","true","true","false","UNRESOLVED","UNRESOLVED_BIOLOGICAL_DOMAIN_UNSPECIFIED","REVIEWED_EXACT","REVIEW_HOLD","Final outcome is unresolved; preserve current SEO eligibility until Luna approves a URL-level migration."
"NCT07235150","https://clinicaltrialfailures.com/trial/NCT07235150-a-study-to-learn-how-different-amounts-of-the-study-medicine-called-pf-07985631-","true","true","false","UNRESOLVED","UNRESOLVED_BIOLOGICAL_DOMAIN_UNSPECIFIED","REVIEWED_EXACT","REVIEW_HOLD","Final outcome is unresolved; preserve current SEO eligibility until Luna approves a URL-level migration."
"NCT05534165","https://clinicaltrialfailures.com/trial/NCT05534165-tecovirimat-in-non-hospitalized-patients-with-monkeypox","true","true","false","UNRESOLVED","UNRESOLVED_BIOLOGICAL_DOMAIN_UNSPECIFIED","REVIEWED_EXACT","REVIEW_HOLD","Final outcome is unresolved; preserve current SEO eligibility until Luna approves a URL-level migration."
"NCT06488716","https://clinicaltrialfailures.com/trial/NCT06488716-a-study-to-evaluate-the-safety-pharmacokinetics-and-activity-of-ro7759065-as-a-s","true","true","false","UNRESOLVED","UNRESOLVED_BIOLOGICAL_DOMAIN_UNSPECIFIED","REVIEWED_EXACT","REVIEW_HOLD","Final outcome is unresolved; preserve current SEO eligibility until Luna approves a URL-level migration."
"NCT04217447","https://clinicaltrialfailures.com/trial/NCT04217447-assessment-of-quitting-versus-using-aspirin-therapy-in-patients-treated-with-ora","true","true","false","UNRESOLVED","UNRESOLVED_BIOLOGICAL_DOMAIN_UNSPECIFIED","REVIEWED_EXACT","REVIEW_HOLD","Final outcome is unresolved; preserve current SEO eligibility until Luna approves a URL-level migration."
"NCT06610279","https://clinicaltrialfailures.com/trial/NCT06610279-a-study-of-tak-951-in-healthy-adults","true","true","false","UNRESOLVED","UNRESOLVED_BIOLOGICAL_DOMAIN_UNSPECIFIED","REVIEWED_EXACT","REVIEW_HOLD","Final outcome is unresolved; preserve current SEO eligibility until Luna approves a URL-level migration."
"NCT05609656","https://clinicaltrialfailures.com/trial/NCT05609656-electroporation-and-immunotherapy-in-metastatic-colorectal-cancer","true","true","false","UNRESOLVED","UNRESOLVED_BIOLOGICAL_DOMAIN_UNSPECIFIED","REVIEWED_EXACT","REVIEW_HOLD","Final outcome is unresolved; preserve current SEO eligibility until Luna approves a URL-level migration."
"NCT05435053","https://clinicaltrialfailures.com/trial/NCT05435053-irreversible-electroporation-nivolumab-for-patients-with-metastatic-pancreatic-c","true","true","false","UNRESOLVED","UNRESOLVED_BIOLOGICAL_DOMAIN_UNSPECIFIED","REVIEWED_EXACT","REVIEW_HOLD","Final outcome is unresolved; preserve current SEO eligibility until Luna approves a URL-level migration."
"NCT03254927","https://clinicaltrialfailures.com/trial/NCT03254927-a-study-of-cdx-3379-and-cetuximab-and-in-patients-with-advanced-head-and-neck-sq","true","true","false","UNRESOLVED","UNRESOLVED_BIOLOGICAL_DOMAIN_UNSPECIFIED","REVIEWED_EXACT","REVIEW_HOLD","Final outcome is unresolved; preserve current SEO eligibility until Luna approves a URL-level migration."
"NCT03758443","https://clinicaltrialfailures.com/trial/NCT03758443-efficacy-and-safety-of-td-1473-in-ulcerative-colitis","true","true","false","UNRESOLVED","UNRESOLVED_BIOLOGICAL_DOMAIN_UNSPECIFIED","REVIEWED_EXACT","REVIEW_HOLD","Final outcome is unresolved; preserve current SEO eligibility until Luna approves a URL-level migration."
"NCT03920254","https://clinicaltrialfailures.com/trial/NCT03920254-td-1473-long-term-safety-lts-ulcerative-colitis-uc-study","true","true","false","UNRESOLVED","UNRESOLVED_BIOLOGICAL_DOMAIN_UNSPECIFIED","REVIEWED_EXACT","REVIEW_HOLD","Final outcome is unresolved; preserve current SEO eligibility until Luna approves a URL-level migration."
"NCT03720574","https://clinicaltrialfailures.com/trial/NCT03720574-lorcaserin-and-behavioral-modification-for-overweight-and-obesity-management-in-","true","true","false","UNRESOLVED","UNRESOLVED_BIOLOGICAL_DOMAIN_UNSPECIFIED","REVIEWED_EXACT","REVIEW_HOLD","Final outcome is unresolved; preserve current SEO eligibility until Luna approves a URL-level migration."
"NCT02322021","https://clinicaltrialfailures.com/trial/NCT02322021-dose-finding-study-to-evaluate-safety-tolerability-and-efficacy-of-e2609-in-part","true","true","false","UNRESOLVED","UNRESOLVED_BIOLOGICAL_DOMAIN_UNSPECIFIED","REVIEWED_EXACT","REVIEW_HOLD","Final outcome is unresolved; preserve current SEO eligibility until Luna approves a URL-level migration."
"NCT03669549","https://clinicaltrialfailures.com/trial/NCT03669549-nevanimibe-hcl-for-the-treatment-of-classic-cah","true","true","false","UNRESOLVED","UNRESOLVED_BIOLOGICAL_DOMAIN_UNSPECIFIED","REVIEWED_EXACT","REVIEW_HOLD","Final outcome is unresolved; preserve current SEO eligibility until Luna approves a URL-level migration."
"NCT03696212","https://clinicaltrialfailures.com/trial/NCT03696212-grapiprant-ary-007-and-pembrolizumab-in-patients-with-advanced-or-metastatic-pos","true","true","false","UNRESOLVED","UNRESOLVED_BIOLOGICAL_DOMAIN_UNSPECIFIED","REVIEWED_EXACT","REVIEW_HOLD","Final outcome is unresolved; preserve current SEO eligibility until Luna approves a URL-level migration."
"NCT01916187","https://clinicaltrialfailures.com/trial/NCT01916187-imetelstat-given-intravenously-alone-and-with-standard-13-cis-retinoic-acid-in-c","true","true","false","UNRESOLVED","UNRESOLVED_BIOLOGICAL_DOMAIN_UNSPECIFIED","REVIEWED_EXACT","REVIEW_HOLD","Final outcome is unresolved; preserve current SEO eligibility until Luna approves a URL-level migration."
"NCT03119467","https://clinicaltrialfailures.com/trial/NCT03119467-safety-and-efficacy-study-of-rp4010-in-patients-with-relapsed-or-refractory-lymp","true","true","false","UNRESOLVED","UNRESOLVED_BIOLOGICAL_DOMAIN_UNSPECIFIED","REVIEWED_EXACT","REVIEW_HOLD","Final outcome is unresolved; preserve current SEO eligibility until Luna approves a URL-level migration."
"NCT01134497","https://clinicaltrialfailures.com/trial/NCT01134497-carboplatin-with-or-without-zd4054-in-patients-with-metastatic-breast-cancer","true","true","false","UNRESOLVED","UNRESOLVED_BIOLOGICAL_DOMAIN_UNSPECIFIED","REVIEWED_EXACT","REVIEW_HOLD","Final outcome is unresolved; preserve current SEO eligibility until Luna approves a URL-level migration."
"NCT02016534","https://clinicaltrialfailures.com/trial/NCT02016534-phase-2-study-of-amg-337-in-met-amplified-gastric-esophageal-adenocarcinoma-or-o","true","true","false","UNRESOLVED","UNRESOLVED_BIOLOGICAL_DOMAIN_UNSPECIFIED","REVIEWED_EXACT","REVIEW_HOLD","Final outcome is unresolved; preserve current SEO eligibility until Luna approves a URL-level migration."
"NCT00788606","https://clinicaltrialfailures.com/trial/NCT00788606-r-chop-b-bevacizumab-for-diffuse-large-b-cell-lymphoma","true","true","false","UNRESOLVED","UNRESOLVED_BIOLOGICAL_DOMAIN_UNSPECIFIED","REVIEWED_EXACT","REVIEW_HOLD","Final outcome is unresolved; preserve current SEO eligibility until Luna approves a URL-level migration."
