"url_id","nct_id","url","in_sitemap","current_indexable","final_outcome","final_category","classification_source","recommended_decision","decision_reason","reviewer","reviewed_at","approval_status"
"url_bff626f6ff77","NCT01965600","https://clinicaltrialfailures.com/trial/NCT01965600-a-study-to-evaluate-the-safety-and-effects-on-the-body-of-an-investigational-dru","true","true","BIOLOGICAL_FAILURE","SAFETY","DESCRIPTION_FALLBACK","NOINDEX_THIN_CONTENT","Missing registry stop wording; description-fallback classification is not enough for a defensible failure page. Keep 200 but remove from sitemap and apply noindex only after Sol activates this reviewed decision type.","Luna","2026-10-07","APPROVED_FOR_REPORT_MODE"
"url_c91ec854820d","NCT02354014","https://clinicaltrialfailures.com/trial/NCT02354014-pharmacokinetic-study-to-evaluate-anti-mycobacterial-activity-of-tmc207-in-combi","true","true","UNRESOLVED","UNRESOLVED_BIOLOGICAL_DOMAIN_UNSPECIFIED","REVIEWED_EXACT","IMPROVE_INDEX","Keep indexable: the page has a specific registry stop statement, study identity, conditions, interventions, and source link. Improve copy so unresolved benefit-risk evidence is not presented as a confirmed biological failure.","Luna","2026-10-07","APPROVED_FOR_REPORT_MODE"
"url_6ea713ba388d","NCT07235150","https://clinicaltrialfailures.com/trial/NCT07235150-a-study-to-learn-how-different-amounts-of-the-study-medicine-called-pf-07985631-","true","true","UNRESOLVED","UNRESOLVED_BIOLOGICAL_DOMAIN_UNSPECIFIED","REVIEWED_EXACT","IMPROVE_INDEX","Keep indexable: the page has a specific registry stop statement, study identity, conditions, interventions, and source link. Improve copy so unresolved benefit-risk evidence is not presented as a confirmed biological failure.","Luna","2026-10-07","APPROVED_FOR_REPORT_MODE"
"url_bdf41556ef0e","NCT05534165","https://clinicaltrialfailures.com/trial/NCT05534165-tecovirimat-in-non-hospitalized-patients-with-monkeypox","true","true","UNRESOLVED","UNRESOLVED_BIOLOGICAL_DOMAIN_UNSPECIFIED","REVIEWED_EXACT","IMPROVE_INDEX","Keep indexable: the page has a specific registry stop statement, study identity, conditions, interventions, and source link. Improve copy so unresolved benefit-risk evidence is not presented as a confirmed biological failure.","Luna","2026-10-07","APPROVED_FOR_REPORT_MODE"
"url_717261bc1447","NCT06488716","https://clinicaltrialfailures.com/trial/NCT06488716-a-study-to-evaluate-the-safety-pharmacokinetics-and-activity-of-ro7759065-as-a-s","true","true","UNRESOLVED","UNRESOLVED_BIOLOGICAL_DOMAIN_UNSPECIFIED","REVIEWED_EXACT","IMPROVE_INDEX","Keep indexable: the page has a specific registry stop statement, study identity, conditions, interventions, and source link. Improve copy so unresolved benefit-risk evidence is not presented as a confirmed biological failure.","Luna","2026-10-07","APPROVED_FOR_REPORT_MODE"
"url_803061c5f5c8","NCT04217447","https://clinicaltrialfailures.com/trial/NCT04217447-assessment-of-quitting-versus-using-aspirin-therapy-in-patients-treated-with-ora","true","true","UNRESOLVED","UNRESOLVED_BIOLOGICAL_DOMAIN_UNSPECIFIED","REVIEWED_EXACT","IMPROVE_INDEX","Keep indexable: the page has a specific registry stop statement, study identity, conditions, interventions, and source link. Improve copy so unresolved benefit-risk evidence is not presented as a confirmed biological failure.","Luna","2026-10-07","APPROVED_FOR_REPORT_MODE"
"url_68f5bdd7c78a","NCT06610279","https://clinicaltrialfailures.com/trial/NCT06610279-a-study-of-tak-951-in-healthy-adults","true","true","UNRESOLVED","UNRESOLVED_BIOLOGICAL_DOMAIN_UNSPECIFIED","REVIEWED_EXACT","IMPROVE_INDEX","Keep indexable: the page has a specific registry stop statement, study identity, conditions, interventions, and source link. Improve copy so unresolved benefit-risk evidence is not presented as a confirmed biological failure.","Luna","2026-10-07","APPROVED_FOR_REPORT_MODE"
"url_2b8e0b38880e","NCT05609656","https://clinicaltrialfailures.com/trial/NCT05609656-electroporation-and-immunotherapy-in-metastatic-colorectal-cancer","true","true","UNRESOLVED","UNRESOLVED_BIOLOGICAL_DOMAIN_UNSPECIFIED","REVIEWED_EXACT","IMPROVE_INDEX","Keep indexable: the page has a specific registry stop statement, study identity, conditions, interventions, and source link. Improve copy so unresolved benefit-risk evidence is not presented as a confirmed biological failure.","Luna","2026-10-07","APPROVED_FOR_REPORT_MODE"
"url_c8cd0b98e74f","NCT05435053","https://clinicaltrialfailures.com/trial/NCT05435053-irreversible-electroporation-nivolumab-for-patients-with-metastatic-pancreatic-c","true","true","UNRESOLVED","UNRESOLVED_BIOLOGICAL_DOMAIN_UNSPECIFIED","REVIEWED_EXACT","IMPROVE_INDEX","Keep indexable: the page has a specific registry stop statement, study identity, conditions, interventions, and source link. Improve copy so unresolved benefit-risk evidence is not presented as a confirmed biological failure.","Luna","2026-10-07","APPROVED_FOR_REPORT_MODE"
"url_c08b08defcae","NCT03254927","https://clinicaltrialfailures.com/trial/NCT03254927-a-study-of-cdx-3379-and-cetuximab-and-in-patients-with-advanced-head-and-neck-sq","true","true","UNRESOLVED","UNRESOLVED_BIOLOGICAL_DOMAIN_UNSPECIFIED","REVIEWED_EXACT","IMPROVE_INDEX","Keep indexable: the page has a specific registry stop statement, study identity, conditions, interventions, and source link. Improve copy so unresolved benefit-risk evidence is not presented as a confirmed biological failure.","Luna","2026-10-07","APPROVED_FOR_REPORT_MODE"
"url_0b4aaf4126d4","NCT03758443","https://clinicaltrialfailures.com/trial/NCT03758443-efficacy-and-safety-of-td-1473-in-ulcerative-colitis","true","true","UNRESOLVED","UNRESOLVED_BIOLOGICAL_DOMAIN_UNSPECIFIED","REVIEWED_EXACT","IMPROVE_INDEX","Keep indexable: the page has a specific registry stop statement, study identity, conditions, interventions, and source link. Improve copy so unresolved benefit-risk evidence is not presented as a confirmed biological failure.","Luna","2026-10-07","APPROVED_FOR_REPORT_MODE"
"url_5ad632cc1475","NCT03920254","https://clinicaltrialfailures.com/trial/NCT03920254-td-1473-long-term-safety-lts-ulcerative-colitis-uc-study","true","true","UNRESOLVED","UNRESOLVED_BIOLOGICAL_DOMAIN_UNSPECIFIED","REVIEWED_EXACT","IMPROVE_INDEX","Keep indexable: the page has a specific registry stop statement, study identity, conditions, interventions, and source link. Improve copy so unresolved benefit-risk evidence is not presented as a confirmed biological failure.","Luna","2026-10-07","APPROVED_FOR_REPORT_MODE"
"url_2f81e319f0f0","NCT03720574","https://clinicaltrialfailures.com/trial/NCT03720574-lorcaserin-and-behavioral-modification-for-overweight-and-obesity-management-in-","true","true","UNRESOLVED","UNRESOLVED_BIOLOGICAL_DOMAIN_UNSPECIFIED","REVIEWED_EXACT","IMPROVE_INDEX","Keep indexable: the page has a specific registry stop statement, study identity, conditions, interventions, and source link. Improve copy so unresolved benefit-risk evidence is not presented as a confirmed biological failure.","Luna","2026-10-07","APPROVED_FOR_REPORT_MODE"
"url_a9e734527ec7","NCT02322021","https://clinicaltrialfailures.com/trial/NCT02322021-dose-finding-study-to-evaluate-safety-tolerability-and-efficacy-of-e2609-in-part","true","true","UNRESOLVED","UNRESOLVED_BIOLOGICAL_DOMAIN_UNSPECIFIED","REVIEWED_EXACT","IMPROVE_INDEX","Keep indexable: the page has a specific registry stop statement, study identity, conditions, interventions, and source link. Improve copy so unresolved benefit-risk evidence is not presented as a confirmed biological failure.","Luna","2026-10-07","APPROVED_FOR_REPORT_MODE"
"url_7ec385774fff","NCT03669549","https://clinicaltrialfailures.com/trial/NCT03669549-nevanimibe-hcl-for-the-treatment-of-classic-cah","true","true","UNRESOLVED","UNRESOLVED_BIOLOGICAL_DOMAIN_UNSPECIFIED","REVIEWED_EXACT","IMPROVE_INDEX","Keep indexable: the page has a specific registry stop statement, study identity, conditions, interventions, and source link. Improve copy so unresolved benefit-risk evidence is not presented as a confirmed biological failure.","Luna","2026-10-07","APPROVED_FOR_REPORT_MODE"
"url_eedee1cf843c","NCT03696212","https://clinicaltrialfailures.com/trial/NCT03696212-grapiprant-ary-007-and-pembrolizumab-in-patients-with-advanced-or-metastatic-pos","true","true","UNRESOLVED","UNRESOLVED_BIOLOGICAL_DOMAIN_UNSPECIFIED","REVIEWED_EXACT","IMPROVE_INDEX","Keep indexable: the page has a specific registry stop statement, study identity, conditions, interventions, and source link. Improve copy so unresolved benefit-risk evidence is not presented as a confirmed biological failure.","Luna","2026-10-07","APPROVED_FOR_REPORT_MODE"
"url_f2d4097aa0db","NCT01916187","https://clinicaltrialfailures.com/trial/NCT01916187-imetelstat-given-intravenously-alone-and-with-standard-13-cis-retinoic-acid-in-c","true","true","UNRESOLVED","UNRESOLVED_BIOLOGICAL_DOMAIN_UNSPECIFIED","REVIEWED_EXACT","IMPROVE_INDEX","Keep indexable: the page has a specific registry stop statement, study identity, conditions, interventions, and source link. Improve copy so unresolved benefit-risk evidence is not presented as a confirmed biological failure.","Luna","2026-10-07","APPROVED_FOR_REPORT_MODE"
"url_a61da28a668e","NCT03119467","https://clinicaltrialfailures.com/trial/NCT03119467-safety-and-efficacy-study-of-rp4010-in-patients-with-relapsed-or-refractory-lymp","true","true","UNRESOLVED","UNRESOLVED_BIOLOGICAL_DOMAIN_UNSPECIFIED","REVIEWED_EXACT","IMPROVE_INDEX","Keep indexable: the page has a specific registry stop statement, study identity, conditions, interventions, and source link. Improve copy so unresolved benefit-risk evidence is not presented as a confirmed biological failure.","Luna","2026-10-07","APPROVED_FOR_REPORT_MODE"
"url_6914952bcc19","NCT01134497","https://clinicaltrialfailures.com/trial/NCT01134497-carboplatin-with-or-without-zd4054-in-patients-with-metastatic-breast-cancer","true","true","UNRESOLVED","UNRESOLVED_BIOLOGICAL_DOMAIN_UNSPECIFIED","REVIEWED_EXACT","IMPROVE_INDEX","Keep indexable: the page has a specific registry stop statement, study identity, conditions, interventions, and source link. Improve copy so unresolved benefit-risk evidence is not presented as a confirmed biological failure.","Luna","2026-10-07","APPROVED_FOR_REPORT_MODE"
"url_f1f61f40370e","NCT02016534","https://clinicaltrialfailures.com/trial/NCT02016534-phase-2-study-of-amg-337-in-met-amplified-gastric-esophageal-adenocarcinoma-or-o","true","true","UNRESOLVED","UNRESOLVED_BIOLOGICAL_DOMAIN_UNSPECIFIED","REVIEWED_EXACT","IMPROVE_INDEX","Keep indexable: the page has a specific registry stop statement, study identity, conditions, interventions, and source link. Improve copy so unresolved benefit-risk evidence is not presented as a confirmed biological failure.","Luna","2026-10-07","APPROVED_FOR_REPORT_MODE"
"url_e62db1325131","NCT00788606","https://clinicaltrialfailures.com/trial/NCT00788606-r-chop-b-bevacizumab-for-diffuse-large-b-cell-lymphoma","true","true","UNRESOLVED","UNRESOLVED_BIOLOGICAL_DOMAIN_UNSPECIFIED","REVIEWED_EXACT","IMPROVE_INDEX","Keep indexable: the page has a specific registry stop statement, study identity, conditions, interventions, and source link. Improve copy so unresolved benefit-risk evidence is not presented as a confirmed biological failure.","Luna","2026-10-07","APPROVED_FOR_REPORT_MODE"
