why_stopped,outcome,primary_reason,secondary_reasons,needs_review,decision_status,reviewer_notes,reviewed_at
Arm A - reached goal; Arm B - poor accrual,NON_BIOLOGICAL,RECRUITMENT,,false,APPROVED,Open Targets full adjudication e5a368cedc9f0770bff1: Arm B is explicitly described as having poor accrual; Arm A reaching its goal does not negate that stop cause.,2026-08-26
"Ceased production of the study drug, Lymphoglobulin. Recruitment of patients onto the trial was too slow.",NON_BIOLOGICAL,SUPPLY_MANUFACTURING,RECRUITMENT,false,APPROVED,Open Targets full adjudication 9ff3988354b080198c12: Drug production ceased and recruitment was also explicitly too slow.,2026-08-26
Closed due to slowing enrollment and negative results of a phase III trial using cabozantinib.,MIXED_CAUSES,MULTIPLE,RECRUITMENT;EFFICACY_FUTILITY,false,APPROVED,Open Targets full adjudication 4e7202a1c05985281180: Slowing enrollment and negative Phase III results are both stated as causes.,2026-08-26
Decision to discontinue due to challenges of trial design and constraints on enrolling eligible and consenting patients.,NON_BIOLOGICAL,PROTOCOL_FEASIBILITY,RECRUITMENT,false,APPROVED,"Open Targets full adjudication ecc5dc96c1d5ac426c6c: Trial-design challenges are primary and constraints on enrolling eligible, consenting participants are explicit secondary evidence.",2026-08-26
Development program ended due to inability to pair with other cytidine analogs and higher risk of hyperlipasemia when not used with 3TC/FTC.,MIXED_CAUSES,MULTIPLE,PROTOCOL_FEASIBILITY;SAFETY,false,APPROVED,Open Targets full adjudication bc27e5037657224e66d2: The program ended because of combination feasibility and increased hyperlipasemia risk.,2026-08-26
Dose limiting tox is observed. Study put on full clinical hold.,BIOLOGICAL_FAILURE,SAFETY,REGULATORY,false,APPROVED,Dose-limiting toxicity is the stated medical cause; the clinical hold is retained as a secondary regulatory action.,2026-08-26
"Few subjects recruited, sponsor withdrew support.",NON_BIOLOGICAL,FUNDING,SUPPORT_WITHDRAWAL;RECRUITMENT,false,APPROVED,Open Targets full adjudication 7a0ba7ecc3b7cf8fe906: Sponsor support withdrawal remains primary while the explicitly low recruitment is preserved as a secondary cause.,2026-08-26
In 2013 the FDA put a temporary hold on the trial and the Phase II portion of this study was cancelled.,NON_BIOLOGICAL,REGULATORY,,false,APPROVED,The FDA hold and cancellation are explicit regulatory actions; no underlying safety or efficacy cause is stated.,2026-08-26
Lack of Funding/ Resident in charge graduated,NON_BIOLOGICAL,FUNDING,STAFFING_RESOURCES,false,APPROVED,Open Targets full adjudication 7149e5fb11cea4b40a23: The text explicitly states both missing funding and departure of the resident in charge.,2026-08-26
low accrual not allowing site to meeting statistical endpoints,NON_BIOLOGICAL,RECRUITMENT,,false,APPROVED,Open Targets full adjudication 6b0a40d17f4086ecdf88: Low accrual explicitly prevented the site from meeting the statistical endpoints.,2026-08-26
No enrolement,NON_FAILURE_TRANSITION,NOT_INITIATED,,false,APPROVED,Open Targets full adjudication 9788ebb0f3f89ab87c25: The misspelled source text still explicitly states that enrollment never began.,2026-08-26
no participants enrolled,NON_FAILURE_TRANSITION,NOT_INITIATED,,false,APPROVED,Open Targets full adjudication 015b84d50121f3c78b6b: No participant was enrolled. V2 records the explicit pre-enrollment state without inferring recruitment failure.,2026-08-26
No participants enrolled.,NON_FAILURE_TRANSITION,NOT_INITIATED,,false,APPROVED,Open Targets full adjudication 015b84d50121f3c78b6b: No participant was enrolled. V2 records the explicit pre-enrollment state without inferring recruitment failure.,2026-08-26
no paticipants enrolled,NON_FAILURE_TRANSITION,NOT_INITIATED,,false,APPROVED,Open Targets full adjudication e1311649ab58afd31d5c: The misspelled source text still explicitly states that enrollment never began.,2026-08-26
No patients recruited,NON_FAILURE_TRANSITION,NOT_INITIATED,,false,APPROVED,Open Targets full adjudication cdd72bd4b0b12c93eee4: No patient was recruited. V2 records the explicit pre-enrollment state without inferring recruitment failure.,2026-08-26
No patients recruited.,NON_FAILURE_TRANSITION,NOT_INITIATED,,false,APPROVED,Open Targets full adjudication cdd72bd4b0b12c93eee4: No patient was recruited. V2 records the explicit pre-enrollment state without inferring recruitment failure.,2026-08-26
No Subjects Enrolled,NON_FAILURE_TRANSITION,NOT_INITIATED,,false,APPROVED,Open Targets full adjudication 99f979be5a52b31631a5: No subject was enrolled. V2 records the explicit pre-enrollment state without asserting a recruitment cause.,2026-08-26
No subjects enrolled.,NON_FAILURE_TRANSITION,NOT_INITIATED,,false,APPROVED,Open Targets full adjudication 99f979be5a52b31631a5: No subject was enrolled. V2 records the explicit pre-enrollment state without asserting a recruitment cause.,2026-08-26
No subjects recruited,NON_FAILURE_TRANSITION,NOT_INITIATED,,false,APPROVED,Open Targets full adjudication 8033ee7b5127c20f4149: No subject was recruited. V2 records the explicit pre-enrollment state without inferring recruitment failure.,2026-08-26
"Only one patient included as per Feb. 4, 2008.",NON_BIOLOGICAL,RECRUITMENT,,false,APPROVED,"Open Targets full adjudication ba1c3affa251f953b22a: Only one participant was included, an explicit low-accrual condition in the stop-reason field.",2026-08-26
Original investigator left the NIH and the primary outcome was not reached,NON_BIOLOGICAL,STAFFING_RESOURCES,,false,APPROVED,The investigator departure is the explicit cause. The outcome wording does not establish an adverse efficacy result and is treated as a consequence of early termination.,2026-08-26
"PI left institution, end of funding, clinic relocation, recruitment issues",NON_BIOLOGICAL,RECRUITMENT,FUNDING;STAFFING_RESOURCES;OPERATIONAL_OTHER,false,APPROVED,"All stated causes are operational; recruitment remains the deterministic primary category while funding, staffing and relocation are preserved as secondary causes.",2026-08-26
PI left NIH. No subjects enrolled.,NON_BIOLOGICAL,STAFFING_RESOURCES,,false,APPROVED,The PI departure is the explicit causal event. No subjects enrolled describes study state but does not independently establish recruitment failure.,2026-08-26
poor accrual and response less than expected on interim analysis,MIXED_CAUSES,MULTIPLE,RECRUITMENT;EFFICACY_FUTILITY,false,APPROVED,"The source states both poor accrual and a below-expected interim response, supporting mixed operational and biological causes.",2026-08-26
Repros stopped the study for safety and FDA put the study on hold for safety.,BIOLOGICAL_FAILURE,SAFETY,REGULATORY,false,APPROVED,Open Targets full adjudication fd24f71f776a9f74240a: Safety is the stated cause and the FDA hold is the resulting secondary regulatory action.,2026-08-26
Stopping rule-acute rejection threshold-was met based on local biopsy results,BIOLOGICAL_FAILURE,SAFETY,,false,APPROVED,Open Targets full adjudication 2f329b1f5b46e336a99c: The acute-rejection stopping threshold is an explicit adverse clinical safety signal.,2026-08-26
Study prematurely terminated due to safety concerns leading to clinical hold,BIOLOGICAL_FAILURE,SAFETY,REGULATORY,false,APPROVED,Open Targets full adjudication a441b979702185bf307a: Safety concerns caused the termination and clinical hold; the hold is a secondary regulatory action.,2026-08-26
Study was administratively withdrawn by the IRB; no subjects were enrolled,NON_BIOLOGICAL,REGULATORY,NOT_INITIATED,false,APPROVED,Open Targets full adjudication 467046df1454081a0e51: IRB withdrawal is the explicit stop action; no enrollment is retained as the study state rather than a recruitment cause.,2026-08-26
Study was closed permanently before the accrual goal was met due to slow accrual,NON_BIOLOGICAL,RECRUITMENT,,false,APPROVED,Open Targets full adjudication 87c3c04ee99de7a72d4c: The study closed before its accrual goal because of slow accrual; the unmet goal is not a planned milestone completion.,2026-08-26
Study was discontinued due to FDA recommendations of the potential toxicities of the combination of drugs.,BIOLOGICAL_FAILURE,SAFETY,REGULATORY,false,APPROVED,Open Targets full adjudication 8d9206f6e363a27864ca: Potential combination toxicities are the medical cause and the FDA recommendation is the secondary regulatory action.,2026-08-26
The European Medical Agency granted a Paediatric Investigational Product-specific waiver on the grounds that idelalisib is likely to be unsafe in paediatrics,BIOLOGICAL_FAILURE,SAFETY,REGULATORY,false,APPROVED,Open Targets full adjudication a20f5db628aeb4346444: The product-specific waiver was granted because the intervention was likely unsafe; safety is causal and the EMA action is secondary.,2026-08-26
There were no subjects enrolled locally on this study since it opened. Local IRB closure has been requested.,NON_BIOLOGICAL,RECRUITMENT,REGULATORY,false,APPROVED,Open Targets full adjudication 5996b21ad06aa63bd4ec: No local enrollment is the substantive cause and the requested IRB closure is retained as a secondary action.,2026-08-26
"This trial is being closed based on lack of substantive efficacy, slow accrual and overall tolerance in patients treated to date.",MIXED_CAUSES,MULTIPLE,RECRUITMENT;EFFICACY_FUTILITY;SAFETY,false,APPROVED,"Open Targets full adjudication 498dc2cb33800d187511: The text explicitly combines slow accrual, lack of efficacy and tolerability concerns.",2026-08-26
"CKD participants we recruited do not have elevated ADMA, which is the main premise for this intervention. We noticed this with first cohort studied and collected blood from our other ongoing CKD studies, which further solidified and why terminated.",NON_BIOLOGICAL,PROTOCOL_FEASIBILITY,,false,APPROVED,"Independent review 2026-09-29 (12 parallel readers, adjudicated): Enrolled population lacked the target biomarker (flawed premise/design), not a drug effect.",2026-09-29
"Phase 2 completed normally, Phase 3 terminated for futility due to lack of aggravation events.",NON_BIOLOGICAL,PROTOCOL_FEASIBILITY,,false,APPROVED,"Independent review 2026-09-29 (12 parallel readers, adjudicated): Futility due to too few outcome events (event-rate/design problem), not drug effect.",2026-09-29
"Patient population that meets study criteria is insufficient to continue project in a reasonable amount of time. To continue is futile in resources, staff time, and effort.",NON_BIOLOGICAL,RECRUITMENT,,false,APPROVED,"Independent review 2026-09-29 (12 parallel readers, adjudicated): Insufficient eligible patient population; 'futile' refers to resources, not efficacy.",2026-09-29
FDA did not accept sponsor's animal toxicology data to support proposed dosing.,NON_BIOLOGICAL,REGULATORY,,false,APPROVED,"Independent review 2026-09-29 (12 parallel readers, adjudicated): FDA did not accept the tox data package to support dosing (regulatory), no adverse finding stated.",2026-09-29
WHO 2022 guidelines for DR-TB treatment are set to change. These guidelines recommend the use of an all-oral short course BPAL regimen.Therefore ongoing implementation of the study is considered futile.,NON_BIOLOGICAL,EXTERNAL_DISRUPTION,,false,APPROVED,"Independent review 2026-09-29 (12 parallel readers, adjudicated): Changed WHO guidelines/standard of care made the study pointless; no efficacy/safety finding.",2026-09-29
"Discontinuing the development of cotadutide, a daily injectable GLP-1/glucagon co-agonist, is based on strategic pipeline considerations. The premature closure is not due to any newly observed safety signals or a change in the risk/benefit profile.",NON_BIOLOGICAL,BUSINESS_STRATEGY,,false,APPROVED,"Independent review 2026-09-29 (12 parallel readers, adjudicated): Strategic pipeline decision; text explicitly denies safety or benefit-risk change.",2026-09-29
DSMB halted the study due to futility as a result of lower than anticipated HIV incidence rates,NON_BIOLOGICAL,PROTOCOL_FEASIBILITY,,false,APPROVED,"Independent review 2026-09-29 (12 parallel readers, adjudicated): Futility driven by low background HIV incidence (event rate), not the intervention's effect.",2026-09-29
Experimental procedure did not induce sufficient craving to determine any possible effect of medication.,NON_BIOLOGICAL,PROTOCOL_FEASIBILITY,,false,APPROVED,"Independent review 2026-09-29 (12 parallel readers, adjudicated): Experimental procedure/design failed to induce craving; not a drug effect.",2026-09-29
Lack of response to recruitment,NON_BIOLOGICAL,RECRUITMENT,,false,APPROVED,"Independent review 2026-09-29 (12 parallel readers, adjudicated): 'Lack of response to recruitment' is a recruitment problem, not treatment response.",2026-09-29
"In Amendment 1 of P05319 \[NCT 00779675\], the option to enroll into this study, was discontinued due to low numbers of participants with suboptimal response.",NON_BIOLOGICAL,RECRUITMENT,,false,APPROVED,"Independent review 2026-09-29 (12 parallel readers, adjudicated): Enrolment option dropped because too few patients qualified; an enrolment issue, not drug failure.",2026-09-29
"As part of the protocol-specified interim pharmacokinetic (PK) evaluation in Study TMC207-C211, PK data demonstrated lower-than-anticipated bedaquiline exposure",BIOLOGICAL_FAILURE,BIOLOGICAL_UNSPECIFIED,,true,APPROVED,"Independent review 2026-09-29 (12 parallel readers, adjudicated): Interim PK showed lower-than-anticipated drug exposure in humans, a pharmacological failure.",2026-09-29
The study was terminated following review of interim data indicating that continuation was unlikely to demonstrate a clinically meaningful treatment effect. The decision was made to minimize unnecessary participant burden.,BIOLOGICAL_FAILURE,EFFICACY_FUTILITY,,false,APPROVED,"Independent review 2026-09-29 (12 parallel readers, adjudicated): Interim data showed continuation unlikely to demonstrate a meaningful treatment effect (futility).",2026-09-29
"Early termination was due to insufficient tumor uptake thought to be limited by the binding affinity of EGFR, The termination is not related to any safety or quality concerns.",BIOLOGICAL_FAILURE,EFFICACY_FUTILITY,,false,APPROVED,"Independent review 2026-09-29 (12 parallel readers, adjudicated): Stopped for insufficient tumor uptake of the agent, an efficacy failure; safety denial is separate.",2026-09-29
Treatment with 20 mg piromelatine did not demonstrate efficacy over treatment with placebo based on analysis with the ADAS-Cog 14 subscale and with other cognitive and neuropsychiatric parameters.,BIOLOGICAL_FAILURE,EFFICACY_FUTILITY,,false,APPROVED,"Independent review 2026-09-29 (12 parallel readers, adjudicated): Drug did not demonstrate efficacy over placebo.",2026-09-29
"Gilead's ongoing evaluation of the wider Zimberelimab and Domvanalimab programme, following the outcomes of the STAR-221 study and the discontinuation of EDGE-Gastric studies. No safety concerns have been identified in relation to ZODIAC.",BIOLOGICAL_FAILURE,EFFICACY_FUTILITY,,false,APPROVED,"Independent review 2026-09-29 (12 parallel readers, adjudicated): Program re-evaluated following negative outcomes of STAR-221 for the same drugs (efficacy evidence from another trial).",2026-09-29
Sponsor decision - hold following the evaluation of a safety event. No current sites in the US.,BIOLOGICAL_FAILURE,SAFETY,,false,APPROVED,"Independent review 2026-09-29 (12 parallel readers, adjudicated): Hold following evaluation of a safety event.",2026-09-29
The estimated benefit-risk profile of PF-07985631 is not anticipated to be favorable in the expected population to be treated,BIOLOGICAL_FAILURE,BIOLOGICAL_UNSPECIFIED,,true,APPROVED,"Independent review 2026-09-29 (12 parallel readers, adjudicated): Benefit-risk profile of the drug not anticipated to be favorable.",2026-09-29
"Due to resource limitations and the lack of difference observed between study groups after the interim analysis, the study was halted prematurely.",MIXED_CAUSES,MULTIPLE,STAFFING_RESOURCES;EFFICACY_FUTILITY,true,APPROVED,"Independent review 2026-09-29 (12 parallel readers, adjudicated): Resource limitations plus lack of difference between groups at interim analysis.",2026-09-29
Funding Sponsor decision due to review of efficacy data from other trials involving investigational product.,BIOLOGICAL_FAILURE,EFFICACY_FUTILITY,,false,APPROVED,"Independent review 2026-09-29 (12 parallel readers, adjudicated): Stopped after review of efficacy data from other trials of the same product.",2026-09-29
"Decision to terminate study was driven by results from preceding tiragolumab study (SKYSCRAPER-06;NCT04619797) \& sponsor's strategic priorities, not due to safety risks or quality reasons for any of molecules/combinations investigated in this study.",MIXED_CAUSES,MULTIPLE,EFFICACY_FUTILITY;BUSINESS_STRATEGY,true,APPROVED,"Independent review 2026-09-29 (12 parallel readers, adjudicated): Driven by negative results of SKYSCRAPER-06 for tiragolumab plus strategic priorities.",2026-09-29
The DSMB concluded that there was a low probability the study would meet it is primary endpoint as designed.,BIOLOGICAL_FAILURE,EFFICACY_FUTILITY,,false,APPROVED,"Independent review 2026-09-29 (12 parallel readers, adjudicated): DSMB found low probability of meeting the primary endpoint (futility).",2026-09-29
Intercept made the business decision to terminate the study on 31 Mar 2026 as there was no clear evidence of potential benefit of INT-787 in sAH. This decision was not based on a safety concern.,BIOLOGICAL_FAILURE,EFFICACY_FUTILITY,,false,APPROVED,"Independent review 2026-09-29 (12 parallel readers, adjudicated): Business decision was explicitly driven by no clear evidence of benefit (lack of efficacy).",2026-09-29
Enrollment on hold while reviewing a SAE.,BIOLOGICAL_FAILURE,SAFETY,,false,APPROVED,"Independent review 2026-09-29 (12 parallel readers, adjudicated): Enrollment on hold to review a serious adverse event.",2026-09-29
"The recommendations of the Data Safety Monitoring Committee, based on the results of the STOMP Study (NCT05534984).",BIOLOGICAL_FAILURE,BIOLOGICAL_UNSPECIFIED,,true,APPROVED,"Independent review 2026-09-29 (12 parallel readers, adjudicated): DSMC recommendation based on results of the STOMP trial of the same drug, which showed no efficacy.",2026-09-29
"Following a thorough review of safety data, preliminary efficacy data and an evaluation of overall risk-benefit, Sponsor made the decision to end the study.",BIOLOGICAL_FAILURE,BIOLOGICAL_UNSPECIFIED,,true,APPROVED,"Independent review 2026-09-29 (12 parallel readers, adjudicated): Ended after review of safety, preliminary efficacy and overall risk-benefit, implying an unfavourable assessment.",2026-09-29
Study was stopped after interim analysis for all 4 cohorts with results either not fulfilling the pre-planned interim analysis criteria or fulfilling the criteria but as per sponsor decision. It was not due to any safety concern,MIXED_CAUSES,MULTIPLE,EFFICACY_FUTILITY;BUSINESS_STRATEGY,true,APPROVED,"Independent review 2026-09-29 (12 parallel readers, adjudicated): Cohorts stopped for failing interim criteria (futility) or by sponsor decision.",2026-09-29
The study was terminated based on the review by an independent data monitoring committee of the prespecified interim analysis of the Phase 3 AMEERA-5 efficacy data. No new safety signals were observed.,BIOLOGICAL_FAILURE,EFFICACY_FUTILITY,,false,APPROVED,"Independent review 2026-09-29 (12 parallel readers, adjudicated): Terminated after IDMC review of AMEERA-5 interim efficacy data for the same drug.",2026-09-29
Slow patient accrual and appearance of a toxicity,MIXED_CAUSES,MULTIPLE,RECRUITMENT;SAFETY,true,APPROVED,"Independent review 2026-09-29 (12 parallel readers, adjudicated): Slow accrual plus appearance of a toxicity.",2026-09-29
"The sponsor's decision to stop the study follows the DSMB's recommendations (end of enrolment and experimental treatment, post-treatment/end-of-study visit within 3 months of stopping treatment), regarding the benefit-risk balance.",BIOLOGICAL_FAILURE,BIOLOGICAL_UNSPECIFIED,,true,APPROVED,"Independent review 2026-09-29 (12 parallel readers, adjudicated): DSMB recommended stopping enrollment and treatment because of the benefit-risk balance.",2026-09-29
Decision to terminate development of gantenerumab for treatment of people at risk for or at earliest stages of Alzheimer disease (AD) following results of a pre-planned analysis of safety \& efficacy of gantenerumab in Graduate I\&II (WN29922/WN39658).,BIOLOGICAL_FAILURE,EFFICACY_FUTILITY,,false,APPROVED,"Independent review 2026-09-29 (12 parallel readers, adjudicated): Development ended after safety and efficacy analysis of the GRADUATE trials of the same drug.",2026-09-29
"Taiho Oncology as the sponsor of study TAS0612-101, has made a strategic decision to terminate the TAS0612-101 study, taking into consideration the safety profile of TAS0612 and the absence of encouraging anti-tumor activity.",BIOLOGICAL_FAILURE,EFFICACY_FUTILITY,,false,APPROVED,"Independent review 2026-09-29 (12 parallel readers, adjudicated): Terminated considering the safety profile and absence of anti-tumor activity.",2026-09-29
DIAN-TU announced the discontinuation of the DIAN-TU-001 OLE based on the status of the drug program and findings from an interim efficacy analysis and.,BIOLOGICAL_FAILURE,EFFICACY_FUTILITY,,false,APPROVED,"Independent review 2026-09-29 (12 parallel readers, adjudicated): Discontinued based on findings from an interim efficacy analysis and drug program status.",2026-09-29
"The study was terminated due to program discontinuation, based on mixed efficacy results in the adult ulcerative colitis and Crohn's disease studies. There were no safety concerns.",BIOLOGICAL_FAILURE,EFFICACY_FUTILITY,,false,APPROVED,"Independent review 2026-09-29 (12 parallel readers, adjudicated): Program discontinued due to mixed efficacy results in other trials of the same drug.",2026-09-29
"The study was terminated due to the changing treatment landscape, difficulty in enrolling eligible participants, and little likelihood of providing meaningful clinical benefit for the participants.",MIXED_CAUSES,MULTIPLE,RECRUITMENT;EFFICACY_FUTILITY,true,APPROVED,"Independent review 2026-09-29 (12 parallel readers, adjudicated): Recruitment difficulty plus little likelihood of meaningful clinical benefit.",2026-09-29
The study was terminated based on the Sponsor's decision attributed to the benefit-risk profile derived from the Part 1 data of this study.,BIOLOGICAL_FAILURE,BIOLOGICAL_UNSPECIFIED,,true,APPROVED,"Independent review 2026-09-29 (12 parallel readers, adjudicated): Stopped due to benefit-risk profile derived from Part 1 data.",2026-09-29
"Sponsor decision to prematurely discontinue the study, following an internal safety assessment of the molecule, GS-3583.",BIOLOGICAL_FAILURE,SAFETY,,false,APPROVED,"Independent review 2026-09-29 (12 parallel readers, adjudicated): Discontinued following an internal safety assessment of the molecule.",2026-09-29
"Stopped by the IP, because the first 6 patients recruited had died and it was unknown if it represented any safety risk or if the sample was insufficient to evaluate the study hypotesis.",BIOLOGICAL_FAILURE,SAFETY,,false,APPROVED,"Independent review 2026-09-29 (12 parallel readers, adjudicated): Stopped because the first 6 patients died, a potential safety signal.",2026-09-29
The study has been stopped due to Sponsor's business reasons. The termination is not a result of any safety concerns or change in the benefit-risk ratio.,NON_BIOLOGICAL,BUSINESS_STRATEGY,,false,APPROVED,"Independent review 2026-09-29 (12 parallel readers, adjudicated): Business reasons with safety explicitly denied; no biological cause.",2026-09-29
The study was terminated on the basis on an evaluation of the efficacy and safety of the 4 included and treated patients.,BIOLOGICAL_FAILURE,BIOLOGICAL_UNSPECIFIED,,true,APPROVED,"Independent review 2026-09-29 (12 parallel readers, adjudicated): Terminated on the basis of an efficacy and safety evaluation of treated patients.",2026-09-29
Decision to terminate development of Gantenerumab for treatment of prodromal/mild/early-stage Alzheimer's disease following results of a pre-planned analysis of the safety and efficacy of Gant in Graduate I\&II (WN29922/WN39658).,BIOLOGICAL_FAILURE,EFFICACY_FUTILITY,,false,APPROVED,"Independent review 2026-09-29 (12 parallel readers, adjudicated): Program ended after safety/efficacy analysis of gantenerumab in GRADUATE I/II.",2026-09-29
Pfizer decided terminating study for administrative reasons on 22Mar2022 (stopping enrollment as of 15Apr2022). The decision wasn't due to safety concerns or requests from regulatory authorities.,NON_BIOLOGICAL,OPERATIONAL_OTHER,,false,APPROVED,"Independent review 2026-09-29 (12 parallel readers, adjudicated): Administrative reasons with safety denied; no biological cause.",2026-09-29
"Local EC requested that the arms of study be submitted as separate protocols so they could respond to the different risk of each arm. In response investigators have withdrawn this protocol and begun separate submissions, starting with NCT06191458.",NON_BIOLOGICAL,REGULATORY,,false,APPROVED,"Independent review 2026-09-29 (12 parallel readers, adjudicated): Ethics committee requested protocol resubmission; administrative only.",2026-09-29
The Sponsor decided to discontinue the study based on Sponsor's careful review of available safety data in concert with the recommendation of an independent Data Monitoring Committee.,BIOLOGICAL_FAILURE,SAFETY,,false,APPROVED,"Independent review 2026-09-29 (12 parallel readers, adjudicated): Discontinued based on review of safety data and DMC recommendation.",2026-09-29
Decision to terminate development of Gantenerumab for treatment of prodromal/mild/early stage Alzheimer's disease following results of a pre-planned analysis of the safety and efficacy of Gant in Graduate I\&II (WN29922/WN39658).,BIOLOGICAL_FAILURE,EFFICACY_FUTILITY,,false,APPROVED,"Independent review 2026-09-29 (12 parallel readers, adjudicated): Program ended after safety/efficacy analysis of gantenerumab in GRADUATE I/II.",2026-09-29
Based on internal review of safety data,BIOLOGICAL_FAILURE,SAFETY,,false,APPROVED,"Independent review 2026-09-29 (12 parallel readers, adjudicated): Stopped based on internal review of safety data.",2026-09-29
"The study was terminated on the basis on an evaluation of the safety and efficacy of the 9 included patients of which 2 of the patients were excluded before receiving any study treatments, thus 7 patients were treated in the study.",BIOLOGICAL_FAILURE,BIOLOGICAL_UNSPECIFIED,,true,APPROVED,"Independent review 2026-09-29 (12 parallel readers, adjudicated): Terminated on the basis of a safety and efficacy evaluation of treated patients.",2026-09-29
Study terminated due to lack of treatment benefit.,BIOLOGICAL_FAILURE,EFFICACY_FUTILITY,,false,APPROVED,"Independent review 2026-09-29 (12 parallel readers, adjudicated): Terminated due to lack of treatment benefit.",2026-09-29
Sponsor decision based on emerging risk-benefit profile,BIOLOGICAL_FAILURE,BIOLOGICAL_UNSPECIFIED,,true,APPROVED,"Independent review 2026-09-29 (12 parallel readers, adjudicated): Stopped based on emerging risk-benefit profile.",2026-09-29
"Novartis has decided to terminate the trial due to the recent results made available from the Novartis CANOPY A study (CACZ885T2301), this decision is not related to any safety data for Canakinumab",BIOLOGICAL_FAILURE,EFFICACY_FUTILITY,,false,APPROVED,"Independent review 2026-09-29 (12 parallel readers, adjudicated): Terminated due to CANOPY-A results of the same drug (canakinumab).",2026-09-29
Stopped early due to company decision. Company decision based on interim analysis results in TD-1473-0157.,BIOLOGICAL_FAILURE,BIOLOGICAL_UNSPECIFIED,,true,APPROVED,"Independent review 2026-09-29 (12 parallel readers, adjudicated): Stopped based on interim analysis results of another trial of the same drug.",2026-09-29
Company decision: re-evaluation of risk vs benefit (based on animal data),BIOLOGICAL_FAILURE,SAFETY,,false,APPROVED,"Independent review 2026-09-29 (12 parallel readers, adjudicated): Risk-benefit re-evaluation based on animal data (preclinical findings).",2026-09-29
Based on preliminary safety data.,BIOLOGICAL_FAILURE,SAFETY,,false,APPROVED,"Independent review 2026-09-29 (12 parallel readers, adjudicated): Stopped based on preliminary safety data, implying a safety concern.",2026-09-29
The total accrual goal of 34 patients was not met. Stage 1 of the study did not meet the interim analysis criteria to move onto Stage 2 of the Simon 2 stage design.,MIXED_CAUSES,MULTIPLE,RECRUITMENT;EFFICACY_FUTILITY,true,APPROVED,"Independent review 2026-09-29 (12 parallel readers, adjudicated): Stage 1 failed the Simon two-stage interim efficacy criterion, in addition to accrual shortfall.",2026-09-29
"Interim analysis did not reveal any safety concerns by the DSMB, but unblinded data did not provide support to continue. Event rate did not meet projected magnitude; given low recruitment potential, it is unlikely that a positive result will occur.",MIXED_CAUSES,MULTIPLE,RECRUITMENT;EFFICACY_FUTILITY,true,APPROVED,"Independent review 2026-09-29 (12 parallel readers, adjudicated): Unblinded interim data did not support continuation (futility) plus low recruitment potential.",2026-09-29
The study was closed early due to low enrollment and new information regarding the benefit of the study regimen.,MIXED_CAUSES,MULTIPLE,RECRUITMENT;EFFICACY_FUTILITY,true,APPROVED,"Independent review 2026-09-29 (12 parallel readers, adjudicated): Low enrollment plus new information regarding the benefit of the study regimen.",2026-09-29
Reassess safety risks and benefits,BIOLOGICAL_FAILURE,BIOLOGICAL_UNSPECIFIED,,true,APPROVED,"Independent review 2026-09-29 (12 parallel readers, adjudicated): Halted to reassess safety risks and benefits, indicating a safety concern.",2026-09-29
"Poor recruitment, strong evidence from larger trials of no therapeutic benefit",MIXED_CAUSES,MULTIPLE,RECRUITMENT;EFFICACY_FUTILITY,true,APPROVED,"Independent review 2026-09-29 (12 parallel readers, adjudicated): Poor recruitment plus strong external evidence of no therapeutic benefit.",2026-09-29
This study was terminated early by the sponsor on the recommendation of an independent data safety monitoring board following review of unblinded data from the Phase 3 studies E2609-G000-301 (NCT02956486) and E2609-G000-302 (NCT03036280).,BIOLOGICAL_FAILURE,BIOLOGICAL_UNSPECIFIED,,true,APPROVED,"Independent review 2026-09-29 (12 parallel readers, adjudicated): Stopped on DSMB recommendation after unblinded Phase 3 E2609 data (unfavourable benefit-risk in another trial of same drug).",2026-09-29
"Following an interim data review, further investment in nevanimibe has been discontinued",BIOLOGICAL_FAILURE,BIOLOGICAL_UNSPECIFIED,,true,APPROVED,"Independent review 2026-09-29 (12 parallel readers, adjudicated): Investment discontinued following interim data review, implying unfavourable data.",2026-09-29
"Based on the totality of the generated combined safety and efficacy data in the interim period, the company decided to terminate the combination study in NSCLC patients. There are no subjects on study drug at this time or in the EOT Follow-up period.",BIOLOGICAL_FAILURE,BIOLOGICAL_UNSPECIFIED,,true,APPROVED,"Independent review 2026-09-29 (12 parallel readers, adjudicated): Terminated based on totality of interim safety and efficacy data.",2026-09-29
"Poor recruitment, Interim analysis: The rates of pts who reached primary and secondary endpoints were lower than expected.",MIXED_CAUSES,MULTIPLE,RECRUITMENT;EFFICACY_FUTILITY,true,APPROVED,"Independent review 2026-09-29 (12 parallel readers, adjudicated): Poor recruitment plus interim endpoint achievement rates lower than expected.",2026-09-29
Poor accrual and risk/benefit ratio.,MIXED_CAUSES,MULTIPLE,RECRUITMENT;BIOLOGICAL_UNSPECIFIED,true,APPROVED,"Independent review 2026-09-29 (12 parallel readers, adjudicated): Poor accrual plus unfavourable risk/benefit ratio.",2026-09-29
drug company withdrew support following re-examination of benefit-risk assessment for the investigational use of imetelstat in this population,BIOLOGICAL_FAILURE,BIOLOGICAL_UNSPECIFIED,,true,APPROVED,"Independent review 2026-09-29 (12 parallel readers, adjudicated): Support withdrawn after re-examination of imetelstat benefit-risk.",2026-09-29
A planned interim analysis led to the trial being stopped early based on the observed size effect and power analysis.,BIOLOGICAL_FAILURE,EFFICACY_FUTILITY,,false,APPROVED,"Independent review 2026-09-29 (12 parallel readers, adjudicated): Interim analysis stopped trial based on observed effect size and power, i.e. futility.",2026-09-29
Terminated due to low enrollment and unclear pharmacologic effect in available pharmacodynamic data (not due to any safety concerns).,MIXED_CAUSES,MULTIPLE,RECRUITMENT;EFFICACY_FUTILITY,true,APPROVED,"Independent review 2026-09-29 (12 parallel readers, adjudicated): Low enrollment plus unclear pharmacologic effect in PD data.",2026-09-29
Interim analysis to assess concern for spinal anesthesia and increased cesarean delivery rate.,BIOLOGICAL_FAILURE,SAFETY,,false,APPROVED,"Independent review 2026-09-29 (12 parallel readers, adjudicated): Stopped over concern for increased cesarean delivery rate, a safety signal.",2026-09-29
Stage 1 terminated 6/1/18 prior to completion of Stage 1 due to low enrollment and efficacy,MIXED_CAUSES,MULTIPLE,RECRUITMENT;EFFICACY_FUTILITY,true,APPROVED,"Independent review 2026-09-29 (12 parallel readers, adjudicated): Terminated for low enrollment and efficacy.",2026-09-29
Study has been stopped after reviewing PK and safety results,BIOLOGICAL_FAILURE,BIOLOGICAL_UNSPECIFIED,,true,APPROVED,"Independent review 2026-09-29 (12 parallel readers, adjudicated): Stopped after reviewing PK and safety results.",2026-09-29
lack of funding/ benefit,MIXED_CAUSES,MULTIPLE,FUNDING;EFFICACY_FUTILITY,true,APPROVED,"Independent review 2026-09-29 (12 parallel readers, adjudicated): Lack of funding and lack of benefit.",2026-09-29
MTD determined sub-optimal as efficacious treatment for renal cell carcinoma.,BIOLOGICAL_FAILURE,EFFICACY_FUTILITY,,false,APPROVED,"Independent review 2026-09-29 (12 parallel readers, adjudicated): MTD found sub-optimal for efficacy in renal cell carcinoma.",2026-09-29
The study was terminated due to marginal efficacy and change in sponsor prioritization. The combination had a manageable safety profile.,MIXED_CAUSES,MULTIPLE,EFFICACY_FUTILITY;BUSINESS_STRATEGY,true,APPROVED,"Independent review 2026-09-29 (12 parallel readers, adjudicated): Marginal efficacy plus change in sponsor prioritization.",2026-09-29
"Novartis decided not to pursue further development of buparlisib program (assessment of moderate PFS benefit with know, but manageable, buparlisib profile).",BIOLOGICAL_FAILURE,EFFICACY_FUTILITY,,false,APPROVED,"Independent review 2026-09-29 (12 parallel readers, adjudicated): Buparlisib program dropped due to only moderate PFS benefit given its toxicity profile.",2026-09-29
"Toxicities, lack of funding",MIXED_CAUSES,MULTIPLE,SAFETY;FUNDING,true,APPROVED,"Independent review 2026-09-29 (12 parallel readers, adjudicated): Toxicities plus lack of funding.",2026-09-29
"Enrollement was stopped due to a recommendation by the IDMC/FDA for a parallel clinical trial with TALA, where potentielly no efficancy could be determined.",BIOLOGICAL_FAILURE,EFFICACY_FUTILITY,,false,APPROVED,"Independent review 2026-09-29 (12 parallel readers, adjudicated): Stopped on IDMC/FDA recommendation from a parallel trial showing potentially no efficacy.",2026-09-29
The sponsor decided to stop further dosing of healthy volunteers after reviewing the obtained efficacy data. The decision is not related to any safety concern.,BIOLOGICAL_FAILURE,EFFICACY_FUTILITY,,false,APPROVED,"Independent review 2026-09-29 (12 parallel readers, adjudicated): Dosing stopped after reviewing efficacy data, implying insufficient efficacy.",2026-09-29
"Business decision related to efficacy rather than tolerability limitations, not stopped for any safety reasons.",BIOLOGICAL_FAILURE,EFFICACY_FUTILITY,,false,APPROVED,"Independent review 2026-09-29 (12 parallel readers, adjudicated): Business decision explicitly driven by efficacy.",2026-09-29
Slow accrual and high levels of toxicity lead to early termination.,MIXED_CAUSES,MULTIPLE,RECRUITMENT;SAFETY,true,APPROVED,"Independent review 2026-09-29 (12 parallel readers, adjudicated): Slow accrual plus high levels of toxicity both stated.",2026-09-29
Closed prematurely due to emerging data on toxicity and competing trials.,MIXED_CAUSES,MULTIPLE,SAFETY;RECRUITMENT,true,APPROVED,"Independent review 2026-09-29 (12 parallel readers, adjudicated): Emerging toxicity data plus competing trials both stated.",2026-09-29
Recruitment difficulties and toxicity,MIXED_CAUSES,MULTIPLE,RECRUITMENT;SAFETY,true,APPROVED,"Independent review 2026-09-29 (12 parallel readers, adjudicated): Recruitment difficulties and toxicity both stated.",2026-09-29
Slow accrual; toxicity; change in priorities,MIXED_CAUSES,MULTIPLE,RECRUITMENT;SAFETY;BUSINESS_STRATEGY,true,APPROVED,"Independent review 2026-09-29 (12 parallel readers, adjudicated): Toxicity listed alongside slow accrual and priority change.",2026-09-29
Low patient enrollment; toxicities,MIXED_CAUSES,MULTIPLE,RECRUITMENT;SAFETY,true,APPROVED,"Independent review 2026-09-29 (12 parallel readers, adjudicated): Low enrollment and toxicities both stated.",2026-09-29
Issues with development and supply of infusion system for delivery of IMP. Lack of favorable benefit risk ratio in sNN0029-003 study (review of interim data).,MIXED_CAUSES,MULTIPLE,SUPPLY_MANUFACTURING;BIOLOGICAL_UNSPECIFIED,true,APPROVED,"Independent review 2026-09-29 (12 parallel readers, adjudicated): Supply issues plus unfavourable benefit-risk in another study of the same IMP.",2026-09-29
Futility: Impossible to recruit enough hypertensive participants to match Chronic Kidney Disease (CKD) participants on needed parameters.,NON_BIOLOGICAL,RECRUITMENT,,false,APPROVED,"Independent review 2026-09-29 (12 parallel readers, adjudicated): Futility refers only to inability to recruit matched participants.",2026-09-29
Due to futility due to lower than expected recruitment,NON_BIOLOGICAL,RECRUITMENT,,false,APPROVED,"Independent review 2026-09-29 (12 parallel readers, adjudicated): Futility explicitly due to low recruitment.",2026-09-29
Unafavourable toxicity profile,BIOLOGICAL_FAILURE,SAFETY,,false,APPROVED,"Independent review 2026-09-29 (12 parallel readers, adjudicated): Unfavourable toxicity profile is a safety failure.",2026-09-29
"Based on the observed safety profile of COVA322, the sponsor decided to stop the clinical study.",BIOLOGICAL_FAILURE,SAFETY,,false,APPROVED,"Independent review 2026-09-29 (12 parallel readers, adjudicated): Stopped based on the observed safety profile of the drug.",2026-09-29
Interim analysis did not reveal of anticipated benefits of intervention,BIOLOGICAL_FAILURE,EFFICACY_FUTILITY,,false,APPROVED,"Independent review 2026-09-29 (12 parallel readers, adjudicated): Interim analysis did not show anticipated benefit (futility).",2026-09-29
Toxicity and efficacy data from another trial,BIOLOGICAL_FAILURE,BIOLOGICAL_UNSPECIFIED,,true,APPROVED,"Independent review 2026-09-29 (12 parallel readers, adjudicated): Stopped due to toxicity and efficacy data from another trial.",2026-09-29
This study was terminated due to the efficacy results from an interim analysis (at the end of treatment epoch) of the Phase II study CQGE031B2201 (NCT01716754).,BIOLOGICAL_FAILURE,EFFICACY_FUTILITY,,false,APPROVED,"Independent review 2026-09-29 (12 parallel readers, adjudicated): Terminated due to efficacy results of interim analysis of another study of the same drug.",2026-09-29
"During a safety review of studies U2970g and U2971g, the Data Monitoring Committee recommended that enrollment in this extension trial be terminated.",BIOLOGICAL_FAILURE,SAFETY,,false,APPROVED,"Independent review 2026-09-29 (12 parallel readers, adjudicated): DMC stopped enrollment following a safety review of parent studies.",2026-09-29
All Amgen sponsored AMG102 clinical studies were terminated following a pre-planned Data Monitoring Committee safety review of study 20070622.,BIOLOGICAL_FAILURE,SAFETY,,false,APPROVED,"Independent review 2026-09-29 (12 parallel readers, adjudicated): All AMG102 studies terminated following a DMC safety review of another study.",2026-09-29
Novartis paused all study start-up activities due to safety evaluation of IDH305 compound.,BIOLOGICAL_FAILURE,SAFETY,,false,APPROVED,"Independent review 2026-09-29 (12 parallel readers, adjudicated): Paused due to safety evaluation of the IDH305 compound.",2026-09-29
Amgen decision following interim review of efficacy and safety data from the AMG 337 program.,BIOLOGICAL_FAILURE,BIOLOGICAL_UNSPECIFIED,,true,APPROVED,"Independent review 2026-09-29 (12 parallel readers, adjudicated): Decision followed interim review of program efficacy and safety data.",2026-09-29
New information on IMP affected the cost/benefit ratio,BIOLOGICAL_FAILURE,BIOLOGICAL_UNSPECIFIED,,true,APPROVED,"Independent review 2026-09-29 (12 parallel readers, adjudicated): New IMP information worsened the benefit-risk ratio.",2026-09-29
The study was withdrawn based on new efficacy data from another study,BIOLOGICAL_FAILURE,EFFICACY_FUTILITY,,false,APPROVED,"Independent review 2026-09-29 (12 parallel readers, adjudicated): Withdrawn based on new efficacy data from another study of the drug.",2026-09-29
Unrelated serious adverse events involving one of the proposed medications,BIOLOGICAL_FAILURE,SAFETY,,false,APPROVED,"Independent review 2026-09-29 (12 parallel readers, adjudicated): Serious adverse events involving one of the study medications.",2026-09-29
patient safety,BIOLOGICAL_FAILURE,SAFETY,,false,APPROVED,"Independent review 2026-09-29 (12 parallel readers, adjudicated): Stop reason given as patient safety.",2026-09-29
